DateTime_Out,Error_Count,Sum_Duration,Line
2018-01-02 00:00:00,1,25200,3
2018-01-02 00:00:00,1,25200,4
2018-01-02 07:00:00,1,4166,3
2018-01-02 07:00:00,1,4148,4
2018-01-02 08:00:00,2,2464,3
2018-01-02 08:00:00,2,2634,4
2018-01-02 09:00:00,24,218,3
2018-01-02 09:00:00,20,2984,4
2018-01-02 10:00:00,16,158,3
2018-01-02 10:00:00,16,1956,4
2018-01-02 11:00:00,25,350,3
2018-01-02 11:00:00,34,312,4
2018-01-02 12:00:00,13,130,3
2018-01-02 12:00:00,28,216,4
2018-01-02 13:00:00,24,526,3
2018-01-02 13:00:00,31,440,4
2018-01-02 14:00:00,12,2970,3
2018-01-02 14:00:00,35,298,4
2018-01-02 15:00:00,16,986,3
2018-01-02 15:00:00,28,228,4
2018-01-02 16:00:00,24,276,3
2018-01-02 16:00:00,17,228,4
2018-01-02 17:00:00,25,308,3
2018-01-02 17:00:00,29,430,4
2018-01-02 18:00:00,30,364,3
2018-01-02 18:00:00,29,126,4
2018-01-02 19:00:00,29,328,3
2018-01-02 19:00:00,35,172,4
2018-01-02 20:00:00,26,152,3
2018-01-02 20:00:00,22,116,4
2018-01-02 21:00:00,18,126,3
2018-01-02 21:00:00,21,138,4
2018-01-02 22:00:00,27,292,3
2018-01-02 22:00:00,28,264,4
2018-01-02 23:00:00,10,866,3
2018-01-02 23:00:00,21,1094,4
2018-01-03 00:00:00,20,290,3
2018-01-03 00:00:00,20,1554,4
2018-01-03 01:00:00,29,280,3
2018-01-03 01:00:00,18,106,4
2018-01-03 02:00:00,20,298,3
2018-01-03 02:00:00,25,116,4
2018-01-03 03:00:00,25,278,3
2018-01-03 03:00:00,13,132,4
2018-01-03 04:00:00,13,238,3
2018-01-03 04:00:00,13,124,4
2018-01-03 05:00:00,14,234,3
2018-01-03 05:00:00,34,186,4
2018-01-03 06:00:00,10,200,3
2018-01-03 06:00:00,30,436,4
2018-01-03 07:00:00,11,672,3
2018-01-03 07:00:00,25,690,4
2018-01-03 08:00:00,14,218,3
2018-01-03 08:00:00,37,350,4
2018-01-03 09:00:00,10,144,3
2018-01-03 09:00:00,12,152,4
2018-01-03 10:00:00,12,174,3
2018-01-03 10:00:00,28,192,4
2018-01-03 11:00:00,19,366,3
2018-01-03 11:00:00,9,174,4
2018-01-03 12:00:00,29,264,3
2018-01-03 12:00:00,42,420,4
2018-01-03 13:00:00,12,164,3
2018-01-03 13:00:00,6,10216,4
2018-01-03 14:00:00,13,186,3
2018-01-03 15:00:00,25,336,3
2018-01-03 15:00:00,1,1694,4
2018-01-03 16:00:00,34,260,3
2018-01-03 16:00:00,23,1638,4
2018-01-03 17:00:00,14,260,3
2018-01-03 17:00:00,62,288,4
2018-01-03 18:00:00,13,156,3
2018-01-03 18:00:00,37,1354,4
2018-01-03 19:00:00,15,268,3
2018-01-03 19:00:00,33,158,4
2018-01-03 20:00:00,32,266,3
2018-01-03 20:00:00,21,220,4
2018-01-03 21:00:00,31,370,3
2018-01-03 21:00:00,15,96,4
2018-01-03 22:00:00,13,250,3
2018-01-03 22:00:00,18,80,4
2018-01-03 23:00:00,24,254,3
2018-01-03 23:00:00,32,126,4
2018-01-04 00:00:00,24,260,3
2018-01-04 00:00:00,37,172,4
2018-01-04 01:00:00,24,280,3
2018-01-04 01:00:00,39,268,4
2018-01-04 02:00:00,19,142,3
2018-01-04 02:00:00,12,84,4
2018-01-04 03:00:00,19,248,3
2018-01-04 03:00:00,15,448,4
2018-01-04 04:00:00,24,354,3
2018-01-04 04:00:00,32,4258,4
2018-01-04 05:00:00,24,404,3
2018-01-04 05:00:00,3,1864,4
2018-01-04 06:00:00,27,428,3
2018-01-04 06:00:00,1,4574,4
2018-01-04 07:00:00,27,450,3
2018-01-04 07:00:00,5,1908,4
2018-01-04 08:00:00,15,276,3
2018-01-04 08:00:00,34,1892,4
2018-01-04 09:00:00,16,248,3
2018-01-04 09:00:00,54,438,4
2018-01-04 10:00:00,14,152,3
2018-01-04 10:00:00,22,174,4
2018-01-04 11:00:00,21,202,3
2018-01-04 11:00:00,9,104,4
2018-01-04 12:00:00,11,1198,3
2018-01-04 12:00:00,18,78,4
2018-01-04 13:00:00,32,324,3
2018-01-04 13:00:00,19,256,4
2018-01-04 14:00:00,19,214,3
2018-01-04 14:00:00,16,4428,4
2018-01-04 15:00:00,14,226,3
2018-01-04 15:00:00,9,2700,4
2018-01-04 16:00:00,16,2908,3
2018-01-04 16:00:00,53,1764,4
2018-01-04 17:00:00,36,520,3
2018-01-04 17:00:00,15,4926,4
2018-01-04 18:00:00,31,410,3
2018-01-04 18:00:00,1,1342,4
2018-01-04 19:00:00,37,332,3
2018-01-04 19:00:00,3,2772,4
2018-01-04 20:00:00,33,458,3
2018-01-04 20:00:00,27,540,4
2018-01-04 21:00:00,13,118,3
2018-01-04 21:00:00,15,110,4
2018-01-04 22:00:00,15,1002,3
2018-01-04 22:00:00,24,1160,4
2018-01-04 23:00:00,10,94,3
2018-01-04 23:00:00,15,148,4
2018-01-05 00:00:00,18,270,3
2018-01-05 00:00:00,29,376,4
2018-01-05 01:00:00,13,188,3
2018-01-05 01:00:00,29,340,4
2018-01-05 02:00:00,30,236,3
2018-01-05 02:00:00,30,252,4
2018-01-05 03:00:00,11,946,3
2018-01-05 03:00:00,18,334,4
2018-01-05 04:00:00,20,192,3
2018-01-05 04:00:00,21,238,4
2018-01-05 05:00:00,19,336,3
2018-01-05 05:00:00,40,438,4
2018-01-05 06:00:00,19,298,3
2018-01-05 06:00:00,44,298,4
2018-01-05 07:00:00,5,110,3
2018-01-05 07:00:00,32,348,4
2018-01-05 08:00:00,10,116,3
2018-01-05 08:00:00,22,288,4
2018-01-05 09:00:00,17,218,3
2018-01-05 09:00:00,29,422,4
2018-01-05 10:00:00,22,356,3
2018-01-05 10:00:00,28,714,4
2018-01-05 11:00:00,13,134,3
2018-01-05 11:00:00,20,764,4
2018-01-05 12:00:00,16,144,3
2018-01-05 12:00:00,52,362,4
2018-01-05 13:00:00,46,266,3
2018-01-05 13:00:00,26,3952,4
2018-01-05 14:00:00,23,544,3
2018-01-05 14:00:00,13,124,4
2018-01-05 15:00:00,25,276,3
2018-01-05 15:00:00,26,496,4
2018-01-05 16:00:00,21,304,3
2018-01-05 16:00:00,29,1534,4
2018-01-05 17:00:00,45,584,3
2018-01-05 17:00:00,45,350,4
2018-01-05 18:00:00,7,180,3
2018-01-05 18:00:00,35,716,4
2018-01-05 19:00:00,33,370,3
2018-01-05 19:00:00,20,158,4
2018-01-05 20:00:00,20,546,3
2018-01-05 20:00:00,9,98,4
2018-01-05 21:00:00,18,680,3
2018-01-05 21:00:00,19,286,4
2018-01-05 22:00:00,5,2990,3
2018-01-05 22:00:00,37,352,4
2018-01-05 23:00:00,22,362,3
2018-01-05 23:00:00,13,130,4
2018-01-06 00:00:00,35,2264,3
2018-01-06 00:00:00,8,126,4
2018-01-06 01:00:00,11,776,3
2018-01-06 01:00:00,51,252,4
2018-01-06 02:00:00,31,244,3
2018-01-06 02:00:00,17,872,4
2018-01-06 03:00:00,30,488,3
2018-01-06 03:00:00,28,348,4
2018-01-06 04:00:00,14,238,3
2018-01-06 04:00:00,25,244,4
2018-01-06 05:00:00,20,402,3
2018-01-06 05:00:00,36,334,4
2018-01-06 06:00:00,24,276,3
2018-01-06 06:00:00,52,416,4
2018-01-06 07:00:00,18,234,3
2018-01-06 07:00:00,18,130,4
2018-01-06 08:00:00,20,422,3
2018-01-06 08:00:00,21,140,4
2018-01-06 09:00:00,9,232,3
2018-01-06 09:00:00,7,76,4
2018-01-06 10:00:00,25,722,3
2018-01-06 10:00:00,20,118,4
2018-01-06 11:00:00,19,316,3
2018-01-06 11:00:00,8,50,4
2018-01-06 12:00:00,30,510,3
2018-01-06 12:00:00,15,140,4
2018-01-06 13:00:00,8,3300,3
2018-01-06 13:00:00,11,154,4
2018-01-06 14:00:00,21,190,3
2018-01-06 14:00:00,28,172,4
2018-01-06 15:00:00,18,204,3
2018-01-06 15:00:00,37,240,4
2018-01-06 16:00:00,19,3054,3
2018-01-06 16:00:00,13,96,4
2018-01-06 17:00:00,28,1210,3
2018-01-06 17:00:00,28,378,4
2018-01-06 18:00:00,39,316,3
2018-01-06 18:00:00,21,168,4
2018-01-06 19:00:00,18,134,3
2018-01-06 19:00:00,33,326,4
2018-01-06 20:00:00,13,154,3
2018-01-06 20:00:00,21,220,4
2018-01-06 21:00:00,14,160,3
2018-01-06 21:00:00,17,220,4
2018-01-06 22:00:00,20,212,3
2018-01-06 22:00:00,18,312,4
2018-01-06 23:00:00,17,190,3
2018-01-06 23:00:00,17,198,4
2018-01-07 00:00:00,24,180,3
2018-01-07 00:00:00,22,168,4
2018-01-07 01:00:00,14,176,3
2018-01-07 01:00:00,21,236,4
2018-01-07 02:00:00,11,106,3
2018-01-07 02:00:00,18,108,4
2018-01-07 03:00:00,12,172,3
2018-01-07 03:00:00,31,356,4
2018-01-07 04:00:00,9,152,3
2018-01-07 04:00:00,23,206,4
2018-01-07 05:00:00,8,130,3
2018-01-07 05:00:00,17,140,4
2018-01-07 06:00:00,16,300,3
2018-01-07 06:00:00,11,118,4
2018-01-07 07:00:00,23,574,3
2018-01-07 07:00:00,17,128,4
2018-01-07 08:00:00,13,98,3
2018-01-07 08:00:00,27,326,4
2018-01-07 09:00:00,10,102,3
2018-01-07 09:00:00,21,184,4
2018-01-07 10:00:00,12,92,3
2018-01-07 10:00:00,46,292,4
2018-01-07 11:00:00,28,344,3
2018-01-07 11:00:00,26,172,4
2018-01-07 12:00:00,9,80,3
2018-01-07 12:00:00,32,674,4
2018-01-07 13:00:00,29,186,3
2018-01-07 13:00:00,24,562,4
2018-01-07 14:00:00,7,152,3
2018-01-07 14:00:00,3,39590,4
2018-01-07 15:00:00,12,212,3
2018-01-07 16:00:00,10,138,3
2018-01-07 17:00:00,18,504,3
2018-01-07 18:00:00,14,410,3
2018-01-07 19:00:00,11,170,3
2018-01-07 20:00:00,21,218,3
2018-01-07 21:00:00,21,414,3
2018-01-07 22:00:00,31,396,3
2018-01-07 23:00:00,24,274,3
2018-01-08 00:00:00,25,226,3
2018-01-08 01:00:00,23,196,3
2018-01-08 01:00:00,19,2042,4
2018-01-08 02:00:00,14,198,3
2018-01-08 02:00:00,70,1130,4
2018-01-08 03:00:00,12,128,3
2018-01-08 03:00:00,44,536,4
2018-01-08 04:00:00,22,248,3
2018-01-08 04:00:00,42,730,4
2018-01-08 05:00:00,25,234,3
2018-01-08 05:00:00,23,226,4
2018-01-08 06:00:00,18,200,3
2018-01-08 06:00:00,38,522,4
2018-01-08 07:00:00,13,192,3
2018-01-08 07:00:00,43,340,4
2018-01-08 08:00:00,19,192,3
2018-01-08 08:00:00,65,386,4
2018-01-08 09:00:00,13,116,3
2018-01-08 09:00:00,41,562,4
2018-01-08 10:00:00,8,94,3
2018-01-08 10:00:00,58,756,4
2018-01-08 11:00:00,13,1954,3
2018-01-08 11:00:00,30,358,4
2018-01-08 12:00:00,17,1326,3
2018-01-08 12:00:00,47,438,4
2018-01-08 13:00:00,27,358,3
2018-01-08 13:00:00,37,2078,4
2018-01-08 14:00:00,16,180,3
2018-01-08 14:00:00,10,404,4
2018-01-08 15:00:00,12,188,3
2018-01-08 15:00:00,25,252,4
2018-01-08 16:00:00,19,230,3
2018-01-08 16:00:00,25,178,4
2018-01-08 17:00:00,10,164,3
2018-01-08 17:00:00,23,316,4
2018-01-08 18:00:00,28,340,3
2018-01-08 18:00:00,31,312,4
2018-01-08 19:00:00,30,264,3
2018-01-08 19:00:00,50,812,4
2018-01-08 20:00:00,18,272,3
2018-01-08 20:00:00,25,324,4
2018-01-08 21:00:00,18,150,3
2018-01-08 21:00:00,24,786,4
2018-01-08 22:00:00,21,286,3
2018-01-08 22:00:00,24,398,4
2018-01-08 23:00:00,26,1256,3
2018-01-08 23:00:00,9,76,4
2018-01-09 00:00:00,15,742,3
2018-01-09 00:00:00,16,182,4
2018-01-09 01:00:00,25,280,3
2018-01-09 01:00:00,21,2460,4
2018-01-09 02:00:00,25,196,3
2018-01-09 02:00:00,18,200,4
2018-01-09 03:00:00,65,1892,3
2018-01-09 03:00:00,42,728,4
2018-01-09 04:00:00,29,1124,3
2018-01-09 04:00:00,29,472,4
2018-01-09 05:00:00,10,162,3
2018-01-09 05:00:00,42,764,4
2018-01-09 06:00:00,10,122,3
2018-01-09 06:00:00,17,224,4
2018-01-09 07:00:00,27,352,3
2018-01-09 07:00:00,34,422,4
2018-01-09 08:00:00,25,342,3
2018-01-09 08:00:00,29,434,4
2018-01-09 09:00:00,61,470,3
2018-01-09 09:00:00,36,626,4
2018-01-09 10:00:00,21,400,3
2018-01-09 10:00:00,32,182,4
2018-01-09 11:00:00,20,368,3
2018-01-09 11:00:00,18,186,4
2018-01-09 12:00:00,26,278,3
2018-01-09 12:00:00,41,604,4
2018-01-09 13:00:00,25,270,3
2018-01-09 13:00:00,51,266,4
2018-01-09 14:00:00,20,344,3
2018-01-09 14:00:00,62,232,4
2018-01-09 15:00:00,25,176,3
2018-01-09 15:00:00,42,694,4
2018-01-09 16:00:00,30,420,3
2018-01-09 16:00:00,46,370,4
2018-01-09 17:00:00,22,254,3
2018-01-09 17:00:00,53,216,4
2018-01-09 18:00:00,27,582,3
2018-01-09 18:00:00,50,474,4
2018-01-09 19:00:00,32,422,3
2018-01-09 19:00:00,46,226,4
2018-01-09 20:00:00,17,656,3
2018-01-09 20:00:00,10,110,4
2018-01-09 21:00:00,31,376,3
2018-01-09 21:00:00,16,384,4
2018-01-09 22:00:00,14,206,3
2018-01-09 22:00:00,27,438,4
2018-01-09 23:00:00,19,258,3
2018-01-09 23:00:00,9,96,4
2018-01-10 00:00:00,27,202,3
2018-01-10 00:00:00,13,152,4
2018-01-10 01:00:00,25,250,3
2018-01-10 01:00:00,14,296,4
2018-01-10 02:00:00,55,432,3
2018-01-10 02:00:00,26,190,4
2018-01-10 03:00:00,21,346,3
2018-01-10 03:00:00,10,162,4
2018-01-10 04:00:00,38,372,3
2018-01-10 04:00:00,10,168,4
2018-01-10 05:00:00,20,410,3
2018-01-10 05:00:00,21,210,4
2018-01-10 06:00:00,8,52,3
2018-01-10 06:00:00,23,480,4
2018-01-10 07:00:00,15,240,3
2018-01-10 07:00:00,22,174,4
2018-01-10 08:00:00,26,388,3
2018-01-10 08:00:00,22,342,4
2018-01-10 09:00:00,38,556,3
2018-01-10 09:00:00,7,4330,4
2018-01-10 10:00:00,28,422,3
2018-01-10 10:00:00,14,1034,4
2018-01-10 11:00:00,42,848,3
2018-01-10 11:00:00,11,126,4
2018-01-10 12:00:00,18,518,3
2018-01-10 12:00:00,24,254,4
2018-01-10 13:00:00,15,4398,3
2018-01-10 13:00:00,19,226,4
2018-01-10 14:00:00,5,1912,3
2018-01-10 14:00:00,22,862,4
2018-01-10 15:00:00,28,296,3
2018-01-10 15:00:00,29,328,4
2018-01-10 16:00:00,13,2760,3
2018-01-10 16:00:00,24,246,4
2018-01-10 17:00:00,34,656,3
2018-01-10 17:00:00,14,218,4
2018-01-10 18:00:00,29,656,3
2018-01-10 18:00:00,32,658,4
2018-01-10 19:00:00,22,442,3
2018-01-10 19:00:00,30,406,4
2018-01-10 20:00:00,12,122,3
2018-01-10 20:00:00,34,394,4
2018-01-10 21:00:00,16,194,3
2018-01-10 21:00:00,28,550,4
2018-01-10 22:00:00,16,290,3
2018-01-10 22:00:00,27,520,4
2018-01-10 23:00:00,42,458,3
2018-01-10 23:00:00,32,334,4
2018-01-11 00:00:00,15,298,3
2018-01-11 00:00:00,25,462,4
2018-01-11 01:00:00,10,118,3
2018-01-11 01:00:00,23,424,4
2018-01-11 02:00:00,12,166,3
2018-01-11 02:00:00,21,336,4
2018-01-11 03:00:00,17,136,3
2018-01-11 03:00:00,11,100,4
2018-01-11 04:00:00,15,150,3
2018-01-11 04:00:00,23,630,4
2018-01-11 05:00:00,14,208,3
2018-01-11 05:00:00,25,424,4
2018-01-11 06:00:00,15,176,3
2018-01-11 06:00:00,24,692,4
2018-01-11 07:00:00,16,284,3
2018-01-11 07:00:00,25,628,4
2018-01-11 08:00:00,23,380,3
2018-01-11 08:00:00,28,322,4
2018-01-11 09:00:00,28,624,3
2018-01-11 09:00:00,38,232,4
2018-01-11 10:00:00,6,56,3
2018-01-11 10:00:00,47,230,4
2018-01-11 11:00:00,13,168,3
2018-01-11 11:00:00,29,220,4
2018-01-11 12:00:00,6,56,3
2018-01-11 12:00:00,31,1696,4
2018-01-11 13:00:00,20,174,3
2018-01-11 13:00:00,27,1122,4
2018-01-11 14:00:00,20,1244,3
2018-01-11 14:00:00,23,426,4
2018-01-11 15:00:00,18,296,3
2018-01-11 15:00:00,33,318,4
2018-01-11 16:00:00,12,148,3
2018-01-11 16:00:00,18,582,4
2018-01-11 17:00:00,10,136,3
2018-01-11 17:00:00,15,378,4
2018-01-11 18:00:00,11,224,3
2018-01-11 18:00:00,19,1078,4
2018-01-11 19:00:00,7,98,3
2018-01-11 19:00:00,18,368,4
2018-01-11 20:00:00,7,82,3
2018-01-11 20:00:00,16,2830,4
2018-01-11 21:00:00,12,228,3
2018-01-11 21:00:00,5,64,4
2018-01-11 22:00:00,12,192,3
2018-01-11 22:00:00,17,330,4
2018-01-11 23:00:00,17,318,3
2018-01-11 23:00:00,16,156,4
2018-01-12 00:00:00,10,138,3
2018-01-12 00:00:00,16,150,4
2018-01-12 01:00:00,13,152,3
2018-01-12 01:00:00,24,252,4
2018-01-12 02:00:00,10,152,3
2018-01-12 02:00:00,20,278,4
2018-01-12 03:00:00,20,176,3
2018-01-12 03:00:00,31,654,4
2018-01-12 04:00:00,15,146,3
2018-01-12 04:00:00,36,718,4
2018-01-12 05:00:00,10,112,3
2018-01-12 05:00:00,37,418,4
2018-01-12 06:00:00,12,92,3
2018-01-12 06:00:00,12,202,4
2018-01-12 07:00:00,23,234,3
2018-01-12 07:00:00,22,382,4
2018-01-12 08:00:00,32,316,3
2018-01-12 08:00:00,21,566,4
2018-01-12 09:00:00,20,260,3
2018-01-12 09:00:00,25,220,4
2018-01-12 10:00:00,27,290,3
2018-01-12 10:00:00,35,3708,4
2018-01-12 11:00:00,37,402,3
2018-01-12 11:00:00,11,714,4
2018-01-12 12:00:00,20,262,3
2018-01-12 12:00:00,31,4662,4
2018-01-12 13:00:00,14,314,3
2018-01-12 13:00:00,20,1582,4
2018-01-12 14:00:00,15,182,3
2018-01-12 14:00:00,31,696,4
2018-01-12 15:00:00,13,6904,3
2018-01-12 15:00:00,14,118,4
2018-01-12 16:00:00,22,148,4
2018-01-12 17:00:00,1,5848,3
2018-01-12 17:00:00,10,214,4
2018-01-12 18:00:00,2,1858,3
2018-01-12 18:00:00,13,2638,4
2018-01-12 19:00:00,16,606,3
2018-01-12 19:00:00,32,394,4
2018-01-12 20:00:00,20,224,3
2018-01-12 20:00:00,29,348,4
2018-01-12 21:00:00,9,154,3
2018-01-12 21:00:00,30,3928,4
2018-01-12 22:00:00,11,202,3
2018-01-12 22:00:00,19,474,4
2018-01-12 23:00:00,17,168,3
2018-01-12 23:00:00,35,352,4
2018-01-13 00:00:00,11,162,3
2018-01-13 00:00:00,8,176,4
2018-01-13 01:00:00,12,284,3
2018-01-13 01:00:00,19,194,4
2018-01-13 02:00:00,17,130,3
2018-01-13 02:00:00,25,258,4
2018-01-13 03:00:00,12,170,3
2018-01-13 03:00:00,33,442,4
2018-01-13 04:00:00,17,242,3
2018-01-13 04:00:00,22,276,4
2018-01-13 05:00:00,12,88,3
2018-01-13 05:00:00,34,328,4
2018-01-13 06:00:00,11,144,3
2018-01-13 06:00:00,37,384,4
2018-01-13 07:00:00,16,174,3
2018-01-13 07:00:00,33,376,4
2018-01-13 08:00:00,16,176,3
2018-01-13 08:00:00,29,234,4
2018-01-13 09:00:00,22,202,3
2018-01-13 09:00:00,25,304,4
2018-01-13 10:00:00,12,124,3
2018-01-13 10:00:00,20,202,4
2018-01-13 11:00:00,10,164,3
2018-01-13 11:00:00,17,122,4
2018-01-13 12:00:00,28,294,3
2018-01-13 12:00:00,14,158,4
2018-01-13 13:00:00,23,284,3
2018-01-13 13:00:00,24,214,4
2018-01-13 14:00:00,26,588,3
2018-01-13 14:00:00,21,248,4
2018-01-13 15:00:00,10,166,3
2018-01-13 15:00:00,35,306,4
2018-01-13 16:00:00,9,100,3
2018-01-13 16:00:00,25,180,4
2018-01-13 17:00:00,12,168,3
2018-01-13 17:00:00,40,362,4
2018-01-13 18:00:00,10,150,3
2018-01-13 18:00:00,18,154,4
2018-01-13 19:00:00,13,252,3
2018-01-13 19:00:00,24,442,4
2018-01-13 20:00:00,25,416,3
2018-01-13 20:00:00,21,150,4
2018-01-13 21:00:00,12,134,3
2018-01-13 21:00:00,22,228,4
2018-01-13 22:00:00,4,44,3
2018-01-13 22:00:00,23,1342,4
2018-01-13 23:00:00,6,98,3
2018-01-13 23:00:00,37,532,4
2018-01-14 00:00:00,14,128,3
2018-01-14 00:00:00,22,1078,4
2018-01-14 01:00:00,7,100,3
2018-01-14 01:00:00,19,196,4
2018-01-14 02:00:00,10,126,3
2018-01-14 02:00:00,18,476,4
2018-01-14 03:00:00,10,250,3
2018-01-14 03:00:00,17,164,4
2018-01-14 04:00:00,14,216,3
2018-01-14 04:00:00,26,112,4
2018-01-14 05:00:00,10,154,3
2018-01-14 05:00:00,36,432,4
2018-01-14 06:00:00,18,290,3
2018-01-14 06:00:00,23,804,4
2018-01-14 07:00:00,21,288,3
2018-01-14 07:00:00,18,1284,4
2018-01-14 08:00:00,28,362,3
2018-01-14 08:00:00,18,182,4
2018-01-14 09:00:00,16,104,3
2018-01-14 09:00:00,13,186,4
2018-01-14 10:00:00,24,422,3
2018-01-14 10:00:00,27,148,4
2018-01-14 11:00:00,11,114,3
2018-01-14 11:00:00,20,166,4
2018-01-14 12:00:00,12,154,3
2018-01-14 12:00:00,22,152,4
2018-01-14 13:00:00,11,2434,3
2018-01-14 13:00:00,13,2550,4
2018-01-14 14:00:00,8,54,3
2018-01-14 14:00:00,10,68,4
2018-01-14 15:00:00,21,184,3
2018-01-14 15:00:00,19,150,4
2018-01-14 16:00:00,9,134,3
2018-01-14 16:00:00,11,138,4
2018-01-14 17:00:00,15,174,3
2018-01-14 17:00:00,10,102,4
2018-01-14 18:00:00,13,7108,3
2018-01-14 18:00:00,25,468,4
2018-01-14 19:00:00,5,36,4
2018-01-14 20:00:00,1,5008,3
2018-01-14 20:00:00,29,278,4
2018-01-14 21:00:00,1,1696,3
2018-01-14 21:00:00,11,140,4
2018-01-14 22:00:00,1,9462,3
2018-01-14 22:00:00,22,8556,4
2018-01-15 00:00:00,1,2636,3
2018-01-15 00:00:00,2,2204,4
2018-01-15 01:00:00,39,468,3
2018-01-15 01:00:00,37,854,4
2018-01-15 02:00:00,53,854,3
2018-01-15 02:00:00,49,440,4
2018-01-15 03:00:00,34,536,3
2018-01-15 03:00:00,17,78,4
2018-01-15 04:00:00,18,162,3
2018-01-15 04:00:00,23,380,4
2018-01-15 05:00:00,16,232,3
2018-01-15 05:00:00,24,168,4
2018-01-15 06:00:00,22,366,3
2018-01-15 06:00:00,25,214,4
2018-01-15 07:00:00,29,374,3
2018-01-15 07:00:00,35,524,4
2018-01-15 08:00:00,29,410,3
2018-01-15 08:00:00,36,240,4
2018-01-15 09:00:00,29,2470,3
2018-01-15 09:00:00,26,258,4
2018-01-15 10:00:00,26,434,3
2018-01-15 10:00:00,29,320,4
2018-01-15 11:00:00,26,262,3
2018-01-15 11:00:00,15,156,4
2018-01-15 12:00:00,13,216,3
2018-01-15 12:00:00,16,108,4
2018-01-15 13:00:00,20,440,3
2018-01-15 13:00:00,8,60,4
2018-01-15 14:00:00,19,380,3
2018-01-15 14:00:00,21,228,4
2018-01-15 15:00:00,11,2826,3
2018-01-15 15:00:00,5,98,4
2018-01-15 16:00:00,19,644,3
2018-01-15 16:00:00,25,674,4
2018-01-15 17:00:00,17,234,3
2018-01-15 17:00:00,29,306,4
2018-01-15 18:00:00,9,120,3
2018-01-15 18:00:00,9,38,4
2018-01-15 19:00:00,20,248,3
2018-01-15 19:00:00,7,70,4
2018-01-15 20:00:00,10,142,3
2018-01-15 20:00:00,58,432,4
2018-01-15 21:00:00,23,268,3
2018-01-15 21:00:00,22,124,4
2018-01-15 22:00:00,12,176,3
2018-01-15 22:00:00,14,102,4
2018-01-15 23:00:00,21,176,3
2018-01-15 23:00:00,21,188,4
2018-01-16 00:00:00,18,244,3
2018-01-16 00:00:00,16,52,4
2018-01-16 01:00:00,15,198,3
2018-01-16 01:00:00,11,52,4
2018-01-16 02:00:00,19,202,3
2018-01-16 02:00:00,25,232,4
2018-01-16 03:00:00,9,176,3
2018-01-16 03:00:00,21,236,4
2018-01-16 04:00:00,7,44,3
2018-01-16 04:00:00,30,286,4
2018-01-16 05:00:00,14,512,3
2018-01-16 05:00:00,37,828,4
2018-01-16 06:00:00,16,182,3
2018-01-16 06:00:00,25,192,4
2018-01-16 07:00:00,16,188,3
2018-01-16 07:00:00,29,232,4
2018-01-16 08:00:00,13,172,3
2018-01-16 08:00:00,40,252,4
2018-01-16 09:00:00,11,86,3
2018-01-16 09:00:00,36,412,4
2018-01-16 10:00:00,11,276,3
2018-01-16 10:00:00,20,142,4
2018-01-16 11:00:00,24,420,3
2018-01-16 11:00:00,34,298,4
2018-01-16 12:00:00,15,226,3
2018-01-16 12:00:00,21,132,4
2018-01-16 13:00:00,14,150,3
2018-01-16 13:00:00,50,654,4
2018-01-16 14:00:00,24,420,3
2018-01-16 14:00:00,40,294,4
2018-01-16 15:00:00,17,202,3
2018-01-16 15:00:00,20,444,4
2018-01-16 16:00:00,15,160,3
2018-01-16 16:00:00,22,200,4
2018-01-16 17:00:00,15,250,3
2018-01-16 17:00:00,37,278,4
2018-01-16 18:00:00,12,122,3
2018-01-16 18:00:00,37,338,4
2018-01-16 19:00:00,14,134,3
2018-01-16 19:00:00,25,102,4
2018-01-16 20:00:00,21,380,3
2018-01-16 20:00:00,63,762,4
2018-01-16 21:00:00,9,80,3
2018-01-16 21:00:00,53,332,4
2018-01-16 22:00:00,16,178,3
2018-01-16 22:00:00,71,1042,4
2018-01-16 23:00:00,17,208,3
2018-01-16 23:00:00,60,596,4
2018-01-17 00:00:00,22,224,3
2018-01-17 00:00:00,97,1542,4
2018-01-17 01:00:00,16,162,3
2018-01-17 01:00:00,25,262,4
2018-01-17 02:00:00,15,204,3
2018-01-17 02:00:00,9,2268,4
2018-01-17 03:00:00,28,300,3
2018-01-17 03:00:00,19,100,4
2018-01-17 04:00:00,8,120,3
2018-01-17 04:00:00,16,134,4
2018-01-17 05:00:00,15,200,3
2018-01-17 05:00:00,23,248,4
2018-01-17 06:00:00,18,224,3
2018-01-17 06:00:00,20,178,4
2018-01-17 07:00:00,13,140,3
2018-01-17 07:00:00,24,270,4
2018-01-17 08:00:00,11,124,3
2018-01-17 08:00:00,28,330,4
2018-01-17 09:00:00,31,214,3
2018-01-17 09:00:00,12,100,4
2018-01-17 10:00:00,12,190,3
2018-01-17 10:00:00,22,210,4
2018-01-17 11:00:00,15,134,3
2018-01-17 11:00:00,15,136,4
2018-01-17 12:00:00,13,116,3
2018-01-17 12:00:00,10,98,4
2018-01-17 13:00:00,17,212,3
2018-01-17 13:00:00,10,90,4
2018-01-17 14:00:00,15,216,3
2018-01-17 14:00:00,13,94,4
2018-01-17 15:00:00,35,308,3
2018-01-17 15:00:00,24,156,4
2018-01-17 16:00:00,15,234,3
2018-01-17 16:00:00,17,206,4
2018-01-17 17:00:00,21,430,3
2018-01-17 17:00:00,31,292,4
2018-01-17 18:00:00,27,288,3
2018-01-17 18:00:00,25,204,4
2018-01-17 19:00:00,19,220,3
2018-01-17 19:00:00,16,176,4
2018-01-17 20:00:00,15,148,3
2018-01-17 20:00:00,16,216,4
2018-01-17 21:00:00,23,202,3
2018-01-17 21:00:00,21,216,4
2018-01-17 22:00:00,23,244,3
2018-01-17 22:00:00,9,76,4
2018-01-17 23:00:00,4,2380,3
2018-01-17 23:00:00,7,2366,4
2018-01-18 00:00:00,19,256,3
2018-01-18 00:00:00,28,310,4
2018-01-18 01:00:00,17,188,3
2018-01-18 01:00:00,21,208,4
2018-01-18 02:00:00,10,118,3
2018-01-18 02:00:00,21,306,4
2018-01-18 03:00:00,21,4096,3
2018-01-18 03:00:00,8,90,4
2018-01-18 04:00:00,2,1270,3
2018-01-18 04:00:00,14,204,4
2018-01-18 05:00:00,6,6164,3
2018-01-18 05:00:00,29,476,4
2018-01-18 06:00:00,1,168,3
2018-01-18 06:00:00,43,212,4
2018-01-18 07:00:00,20,34092,3
2018-01-18 07:00:00,19,286,4
2018-01-18 08:00:00,10,100,4
2018-01-18 09:00:00,16,156,4
2018-01-18 10:00:00,8,52,4
2018-01-18 11:00:00,22,254,4
2018-01-18 12:00:00,17,232,4
2018-01-18 13:00:00,11,100,4
2018-01-18 14:00:00,29,214,4
2018-01-18 15:00:00,20,124,4
2018-01-18 16:00:00,1,2284,3
2018-01-18 16:00:00,14,70,4
2018-01-18 17:00:00,12,1340,3
2018-01-18 17:00:00,13,146,4
2018-01-18 18:00:00,6,82,3
2018-01-18 18:00:00,7,46,4
2018-01-18 19:00:00,9,394,3
2018-01-18 19:00:00,13,148,4
2018-01-18 20:00:00,8,84,3
2018-01-18 20:00:00,11,854,4
2018-01-18 21:00:00,13,126,3
2018-01-18 21:00:00,55,2616,4
2018-01-18 22:00:00,20,326,3
2018-01-18 22:00:00,24,1806,4
2018-01-18 23:00:00,22,406,3
2018-01-18 23:00:00,25,330,4
2018-01-19 00:00:00,24,458,3
2018-01-19 00:00:00,20,2342,4
2018-01-19 01:00:00,15,4238,3
2018-01-19 01:00:00,25,460,4
2018-01-19 02:00:00,20,318,3
2018-01-19 02:00:00,38,608,4
2018-01-19 03:00:00,33,614,3
2018-01-19 03:00:00,13,3152,4
2018-01-19 04:00:00,20,272,3
2018-01-19 04:00:00,2,3856,4
2018-01-19 05:00:00,49,604,3
2018-01-19 05:00:00,15,648,4
2018-01-19 06:00:00,30,356,3
2018-01-19 06:00:00,37,666,4
2018-01-19 07:00:00,24,350,3
2018-01-19 07:00:00,30,358,4
2018-01-19 08:00:00,26,7046,3
2018-01-19 08:00:00,21,270,4
2018-01-19 09:00:00,46,492,4
2018-01-19 10:00:00,42,1638,3
2018-01-19 10:00:00,78,2454,4
2018-01-19 11:00:00,25,566,3
2018-01-19 11:00:00,35,738,4
2018-01-19 12:00:00,23,290,3
2018-01-19 12:00:00,19,218,4
2018-01-19 13:00:00,24,348,3
2018-01-19 13:00:00,12,204,4
2018-01-19 14:00:00,18,218,3
2018-01-19 14:00:00,40,268,4
2018-01-19 15:00:00,16,418,3
2018-01-19 15:00:00,20,204,4
2018-01-19 16:00:00,15,174,3
2018-01-19 16:00:00,12,76,4
2018-01-19 17:00:00,17,254,3
2018-01-19 17:00:00,14,134,4
2018-01-19 18:00:00,18,256,3
2018-01-19 18:00:00,8,74,4
2018-01-19 19:00:00,26,306,3
2018-01-19 19:00:00,17,86,4
2018-01-19 20:00:00,26,438,3
2018-01-19 20:00:00,19,314,4
2018-01-19 21:00:00,20,534,3
2018-01-19 21:00:00,18,262,4
2018-01-19 22:00:00,37,288,3
2018-01-19 22:00:00,19,130,4
2018-01-19 23:00:00,31,244,3
2018-01-19 23:00:00,16,216,4
2018-01-20 00:00:00,19,186,3
2018-01-20 00:00:00,12,216,4
2018-01-20 01:00:00,23,286,3
2018-01-20 01:00:00,17,172,4
2018-01-20 02:00:00,26,310,3
2018-01-20 02:00:00,15,138,4
2018-01-20 03:00:00,15,188,3
2018-01-20 03:00:00,20,346,4
2018-01-20 04:00:00,14,166,3
2018-01-20 04:00:00,15,3386,4
2018-01-20 05:00:00,24,382,3
2018-01-20 05:00:00,24,620,4
2018-01-20 06:00:00,15,210,3
2018-01-20 06:00:00,19,270,4
2018-01-20 07:00:00,12,192,3
2018-01-20 07:00:00,3,5368,4
2018-01-20 08:00:00,22,234,3
2018-01-20 08:00:00,16,402,4
2018-01-20 09:00:00,20,212,3
2018-01-20 09:00:00,37,294,4
2018-01-20 10:00:00,21,364,3
2018-01-20 10:00:00,30,210,4
2018-01-20 11:00:00,17,278,3
2018-01-20 11:00:00,31,148,4
2018-01-20 12:00:00,20,244,3
2018-01-20 12:00:00,25,294,4
2018-01-20 13:00:00,27,342,3
2018-01-20 13:00:00,21,278,4
2018-01-20 14:00:00,17,196,3
2018-01-20 14:00:00,13,86,4
2018-01-20 15:00:00,7,154,3
2018-01-20 15:00:00,30,230,4
2018-01-20 16:00:00,18,264,3
2018-01-20 16:00:00,32,216,4
2018-01-20 17:00:00,17,160,3
2018-01-20 17:00:00,28,360,4
2018-01-20 18:00:00,28,456,3
2018-01-20 18:00:00,24,174,4
2018-01-20 19:00:00,20,130,3
2018-01-20 19:00:00,14,78,4
2018-01-20 20:00:00,14,184,3
2018-01-20 20:00:00,13,64,4
2018-01-20 21:00:00,16,206,3
2018-01-20 21:00:00,18,706,4
2018-01-20 22:00:00,12,222,3
2018-01-20 22:00:00,13,186,4
2018-01-20 23:00:00,22,188,3
2018-01-20 23:00:00,20,232,4
2018-01-21 00:00:00,5,196,3
2018-01-21 00:00:00,9,46,4
2018-01-21 01:00:00,17,356,3
2018-01-21 01:00:00,7,186,4
2018-01-21 02:00:00,8,8188,3
2018-01-21 02:00:00,13,198,4
2018-01-21 03:00:00,24,270,4
2018-01-21 04:00:00,1,22,3
2018-01-21 04:00:00,18,2348,4
2018-01-21 05:00:00,21,248,3
2018-01-21 05:00:00,17,182,4
2018-01-21 06:00:00,13,3140,3
2018-01-21 06:00:00,9,152,4
2018-01-21 07:00:00,16,150,3
2018-01-21 07:00:00,23,166,4
2018-01-21 08:00:00,25,344,3
2018-01-21 08:00:00,14,194,4
2018-01-21 09:00:00,16,180,3
2018-01-21 09:00:00,15,210,4
2018-01-21 10:00:00,22,272,3
2018-01-21 10:00:00,14,310,4
2018-01-21 11:00:00,37,372,3
2018-01-21 11:00:00,11,146,4
2018-01-21 12:00:00,24,266,3
2018-01-21 12:00:00,15,180,4
2018-01-21 13:00:00,39,528,3
2018-01-21 13:00:00,31,242,4
2018-01-21 14:00:00,26,290,3
2018-01-21 14:00:00,12,140,4
2018-01-21 15:00:00,25,370,3
2018-01-21 15:00:00,9,2266,4
2018-01-21 16:00:00,25,384,3
2018-01-21 16:00:00,26,338,4
2018-01-21 17:00:00,25,248,3
2018-01-21 17:00:00,22,316,4
2018-01-21 18:00:00,26,238,3
2018-01-21 18:00:00,31,234,4
2018-01-21 19:00:00,14,160,3
2018-01-21 19:00:00,17,124,4
2018-01-21 20:00:00,14,100,3
2018-01-21 20:00:00,15,416,4
2018-01-21 21:00:00,14,168,3
2018-01-21 21:00:00,11,112,4
2018-01-21 22:00:00,28,294,3
2018-01-21 22:00:00,21,230,4
2018-01-21 23:00:00,22,292,3
2018-01-21 23:00:00,22,288,4
2018-01-22 00:00:00,20,286,3
2018-01-22 00:00:00,16,240,4
2018-01-22 01:00:00,24,488,3
2018-01-22 01:00:00,28,2676,4
2018-01-22 02:00:00,13,3528,3
2018-01-22 02:00:00,27,574,4
2018-01-22 03:00:00,1,381994,3
2018-01-22 03:00:00,16,186,4
2018-01-22 04:00:00,20,222,4
2018-01-22 05:00:00,11,122,4
2018-01-22 06:00:00,16,404,4
2018-01-22 07:00:00,13,162,4
2018-01-22 08:00:00,12,166,4
2018-01-22 09:00:00,24,232,4
2018-01-22 10:00:00,16,150,4
2018-01-22 11:00:00,12,136,4
2018-01-22 12:00:00,27,906,4
2018-01-22 13:00:00,17,176,4
2018-01-22 14:00:00,26,210,4
2018-01-22 15:00:00,14,120,4
2018-01-22 16:00:00,25,200,4
2018-01-22 17:00:00,17,242,4
2018-01-22 18:00:00,22,2236,4
2018-01-22 19:00:00,16,136,4
2018-01-22 20:00:00,32,242,4
2018-01-22 21:00:00,17,1740,4
2018-01-22 22:00:00,18,106,4
2018-01-22 23:00:00,14,136,4
2018-01-23 00:00:00,18,160,4
2018-01-23 01:00:00,12,96,4
2018-01-23 02:00:00,10,134,4
2018-01-23 03:00:00,24,276,4
2018-01-23 04:00:00,19,268,4
2018-01-23 05:00:00,14,112,4
2018-01-23 06:00:00,14,116,4
2018-01-23 07:00:00,29,474,4
2018-01-23 08:00:00,21,200,4
2018-01-23 09:00:00,22,222,4
2018-01-23 10:00:00,16,204,4
2018-01-23 11:00:00,21,210,4
2018-01-23 12:00:00,16,180,4
2018-01-23 13:00:00,15,140,4
2018-01-23 14:00:00,24,212,4
2018-01-23 15:00:00,25,358,4
2018-01-23 16:00:00,22,342,4
2018-01-23 17:00:00,9,260,4
2018-01-23 18:00:00,15,1928,4
2018-01-23 19:00:00,29,330,4
2018-01-23 20:00:00,34,354,4
2018-01-23 21:00:00,39,438,4
2018-01-23 22:00:00,46,592,4
2018-01-23 23:00:00,43,424,4
2018-01-24 00:00:00,40,334,4
2018-01-24 01:00:00,32,564,4
2018-01-24 02:00:00,8,4670,4
2018-01-24 03:00:00,14,120,4
2018-01-24 04:00:00,25,356,4
2018-01-24 05:00:00,21,416,4
2018-01-24 06:00:00,16,176,4
2018-01-24 07:00:00,25,242,4
2018-01-24 08:00:00,29,248,4
2018-01-24 09:00:00,22,152,4
2018-01-24 10:00:00,28,152,4
2018-01-24 11:00:00,19,144,4
2018-01-24 12:00:00,21,212,4
2018-01-24 13:00:00,20,154,4
2018-01-24 14:00:00,26,444,4
2018-01-24 15:00:00,37,130,4
2018-01-24 16:00:00,14,124,4
2018-01-24 17:00:00,15,188,4
2018-01-24 18:00:00,19,132,4
2018-01-24 19:00:00,30,332,4
2018-01-24 20:00:00,12,96,4
2018-01-24 21:00:00,15,488,4
2018-01-24 22:00:00,7,76,4
2018-01-24 23:00:00,11,64,4
2018-01-25 00:00:00,21,158,4
2018-01-25 01:00:00,11,98,4
2018-01-25 02:00:00,19,166,4
2018-01-25 03:00:00,16,118,4
2018-01-25 04:00:00,18,218,4
2018-01-25 05:00:00,25,436,4
2018-01-25 06:00:00,21,76,4
2018-01-25 07:00:00,33,202,4
2018-01-25 08:00:00,17,144,4
2018-01-25 09:00:00,20,282,4
2018-01-25 10:00:00,24,276,4
2018-01-25 11:00:00,10,40,4
2018-01-25 12:00:00,19,300,4
2018-01-25 13:00:00,23,186,4
2018-01-25 14:00:00,26,344,4
2018-01-25 15:00:00,17,176,4
2018-01-25 16:00:00,15,94,4
2018-01-25 17:00:00,18,78,4
2018-01-25 18:00:00,17,118,4
2018-01-25 19:00:00,20,218,4
2018-01-25 20:00:00,12,110,4
2018-01-25 21:00:00,13,152,4
2018-01-25 22:00:00,18,128,4
2018-01-25 23:00:00,20,186,4
2018-01-26 00:00:00,33,234,4
2018-01-26 01:00:00,23,2414,4
2018-01-26 02:00:00,1,43530,4
2018-01-26 13:00:00,1,2284,3
2018-01-26 14:00:00,31,1782,3
2018-01-26 14:00:00,1,2764,4
2018-01-26 15:00:00,20,216,3
2018-01-26 15:00:00,1,10556,4
2018-01-26 16:00:00,8,100,3
2018-01-26 17:00:00,24,438,3
2018-01-26 18:00:00,8,136,3
2018-01-26 18:00:00,13,4552,4
2018-01-26 19:00:00,55,416,3
2018-01-26 19:00:00,1,69358,4
2018-01-26 20:00:00,16,310,3
2018-01-26 21:00:00,14,464,3
2018-01-26 22:00:00,7,64,3
2018-01-26 23:00:00,17,236,3
2018-01-27 00:00:00,9,110,3
2018-01-27 01:00:00,18,284,3
2018-01-27 02:00:00,17,1468,3
2018-01-27 03:00:00,17,216,3
2018-01-27 04:00:00,14,178,3
2018-01-27 05:00:00,15,246,3
2018-01-27 06:00:00,18,120,3
2018-01-27 07:00:00,5,1524,3
2018-01-27 08:00:00,11,126,3
2018-01-27 09:00:00,19,132,3
2018-01-27 10:00:00,11,148,3
2018-01-27 11:00:00,21,446,3
2018-01-27 12:00:00,11,74,3
2018-01-27 13:00:00,16,1166,3
2018-01-27 14:00:00,29,248,3
2018-01-27 14:00:00,1,59910,4
2018-01-27 15:00:00,11,182,3
2018-01-27 16:00:00,11,90,3
2018-01-27 17:00:00,12,362,3
2018-01-27 18:00:00,13,148,3
2018-01-27 19:00:00,16,114,3
2018-01-27 20:00:00,27,2754,3
2018-01-27 21:00:00,10,760,3
2018-01-27 22:00:00,21,230,3
2018-01-27 23:00:00,17,312,3
2018-01-28 00:00:00,16,1562,3
2018-01-28 01:00:00,12,154,3
2018-01-28 02:00:00,8,128,3
2018-01-28 03:00:00,9,152,3
2018-01-28 04:00:00,16,336,3
2018-01-28 05:00:00,9,1872,3
2018-01-28 06:00:00,1,67016,3
2018-01-28 07:00:00,1,30172,4
2018-01-28 15:00:00,1,1262,4
2018-01-28 16:00:00,3,11330,4
2018-01-28 19:00:00,2,7166,4
2018-01-28 21:00:00,2,156772,4
2018-01-29 00:00:00,1,1168,3
2018-01-29 01:00:00,15,748,3
2018-01-29 02:00:00,8,36,3
2018-01-29 03:00:00,15,110,3
2018-01-29 04:00:00,9,82,3
2018-01-29 05:00:00,5,48,3
2018-01-29 06:00:00,10,96,3
2018-01-29 07:00:00,20,216,3
2018-01-29 08:00:00,7,78,3
2018-01-29 09:00:00,16,154,3
2018-01-29 10:00:00,14,160,3
2018-01-29 11:00:00,18,236,3
2018-01-29 12:00:00,13,180,3
2018-01-29 13:00:00,17,260,3
2018-01-29 14:00:00,11,128,3
2018-01-29 15:00:00,12,144,3
2018-01-29 16:00:00,16,204,3
2018-01-29 17:00:00,17,266,3
2018-01-29 18:00:00,13,188,3
2018-01-29 19:00:00,24,254,3
2018-01-29 20:00:00,18,258,3
2018-01-29 21:00:00,16,256,3
2018-01-29 22:00:00,12,204,3
2018-01-29 23:00:00,5,88,3
2018-01-30 00:00:00,19,90,3
2018-01-30 01:00:00,24,172,3
2018-01-30 02:00:00,25,156,3
2018-01-30 03:00:00,8,86,3
2018-01-30 04:00:00,17,150,3
2018-01-30 05:00:00,11,1506,3
2018-01-30 06:00:00,28,330,3
2018-01-30 07:00:00,39,468,3
2018-01-30 08:00:00,10,124,3
2018-01-30 09:00:00,9,1064,3
2018-01-30 10:00:00,8,88,3
2018-01-30 11:00:00,7,184,3
2018-01-30 12:00:00,11,972,3
2018-01-30 13:00:00,33,546,3
2018-01-30 14:00:00,14,174,3
2018-01-30 15:00:00,13,178,3
2018-01-30 16:00:00,9,126,3
2018-01-30 16:00:00,1,2104,4
2018-01-30 17:00:00,13,304,3
2018-01-30 17:00:00,1,3988,4
2018-01-30 18:00:00,16,202,3
2018-01-30 18:00:00,1,8664,4
2018-01-30 19:00:00,14,168,3
2018-01-30 20:00:00,9,186,3
2018-01-30 20:00:00,1,453790,4
2018-01-30 21:00:00,8,120,3
2018-01-30 22:00:00,16,268,3
2018-01-30 23:00:00,7,2268,3
2018-01-31 00:00:00,20,834,3
2018-01-31 01:00:00,8,78,3
2018-01-31 02:00:00,12,78,3
2018-01-31 03:00:00,15,188,3
2018-01-31 04:00:00,20,188,3
2018-01-31 05:00:00,21,182,3
2018-01-31 06:00:00,16,160,3
2018-01-31 07:00:00,14,158,3
2018-01-31 08:00:00,18,178,3
2018-01-31 09:00:00,13,154,3
2018-01-31 10:00:00,13,256,3
2018-01-31 11:00:00,23,538,3
2018-01-31 12:00:00,23,406,3
2018-01-31 13:00:00,19,162,3
2018-01-31 14:00:00,14,158,3
2018-01-31 15:00:00,25,282,3
2018-01-31 16:00:00,17,184,3
2018-01-31 17:00:00,23,404,3
2018-01-31 18:00:00,12,224,3
2018-01-31 19:00:00,23,468,3
2018-01-31 20:00:00,26,326,3
2018-01-31 21:00:00,39,510,3
2018-01-31 22:00:00,21,288,3
2018-01-31 23:00:00,22,270,3
2018-02-01 00:00:00,25,356,3
2018-02-01 01:00:00,25,218,3
2018-02-01 02:00:00,11,146,3
2018-02-01 03:00:00,23,754,3
2018-02-01 04:00:00,14,230,3
2018-02-01 05:00:00,18,306,3
2018-02-01 06:00:00,25,242,3
2018-02-01 07:00:00,18,150,3
2018-02-01 08:00:00,19,2802,3
2018-02-01 09:00:00,1,6474,3
2018-02-01 11:00:00,1,3590,3
2018-02-01 12:00:00,1,28482,3
2018-02-01 19:00:00,1,1010,3
2018-02-01 20:00:00,1,3616,3
2018-02-01 21:00:00,4,2832,3
2018-02-01 22:00:00,21,646,3
2018-02-01 23:00:00,10,48,3
2018-02-02 00:00:00,10,72,3
2018-02-02 01:00:00,10,84,3
2018-02-02 02:00:00,11,96,3
2018-02-02 03:00:00,14,164,3
2018-02-02 04:00:00,5,66,3
2018-02-02 05:00:00,31,784,3
2018-02-02 06:00:00,18,186,3
2018-02-02 07:00:00,15,160,3
2018-02-02 08:00:00,14,588,3
2018-02-02 09:00:00,25,280,3
2018-02-02 10:00:00,9,120,3
2018-02-02 11:00:00,7,78,3
2018-02-02 12:00:00,17,224,3
2018-02-02 13:00:00,13,240,3
2018-02-02 14:00:00,13,120,3
2018-02-02 15:00:00,6,134,3
2018-02-02 16:00:00,15,434,3
2018-02-02 17:00:00,21,336,3
2018-02-02 18:00:00,11,114,3
2018-02-02 19:00:00,24,372,3
2018-02-02 20:00:00,10,190,3
2018-02-02 21:00:00,31,342,3
2018-02-02 22:00:00,24,444,3
2018-02-02 23:00:00,18,182,3
2018-02-03 00:00:00,16,322,3
2018-02-03 01:00:00,17,166,3
2018-02-03 02:00:00,23,216,3
2018-02-03 03:00:00,17,206,3
2018-02-03 04:00:00,12,184,3
2018-02-03 05:00:00,14,220,3
2018-02-03 06:00:00,13,156,3
2018-02-03 07:00:00,13,78,3
2018-02-03 08:00:00,17,132,3
2018-02-03 09:00:00,15,136,3
2018-02-03 10:00:00,24,128,3
2018-02-03 11:00:00,25,138,3
2018-02-03 12:00:00,15,166,3
2018-02-03 13:00:00,11,2160,3
2018-02-03 14:00:00,14,2420,3
2018-02-03 15:00:00,11,88,3
2018-02-03 16:00:00,11,2392,3
2018-02-03 17:00:00,26,154,3
2018-02-03 18:00:00,30,2442,3
2018-02-03 19:00:00,2,3966,3
2018-02-03 20:00:00,1,14690,3
2018-02-04 00:00:00,1,3604,3
2018-02-04 01:00:00,5,1730,3
2018-02-04 02:00:00,31,680,3
2018-02-04 03:00:00,6,68,3
2018-02-04 04:00:00,21,352,3
2018-02-04 05:00:00,20,192,3
2018-02-04 06:00:00,39,508,3
2018-02-04 07:00:00,14,96,3
2018-02-04 08:00:00,18,164,3
2018-02-04 09:00:00,13,218,3
2018-02-04 10:00:00,24,172,3
2018-02-04 11:00:00,18,162,3
2018-02-04 12:00:00,21,210,3
2018-02-04 13:00:00,13,1692,3
2018-02-04 14:00:00,31,580,3
2018-02-04 15:00:00,21,226,3
2018-02-04 16:00:00,13,1376,3
2018-02-04 17:00:00,19,216,3
2018-02-04 18:00:00,26,380,3
2018-02-04 19:00:00,21,310,3
2018-02-04 20:00:00,17,194,3
2018-02-04 21:00:00,15,142,3
2018-02-04 22:00:00,35,3522,3
2018-02-04 23:00:00,1,600222,3
2018-02-05 02:00:00,1,1780,4
2018-02-05 03:00:00,27,1918,4
2018-02-05 04:00:00,96,2360,4
2018-02-05 05:00:00,71,1656,4
2018-02-05 06:00:00,62,964,4
2018-02-05 07:00:00,30,392,4
2018-02-05 08:00:00,44,920,4
2018-02-05 09:00:00,21,130,4
2018-02-05 10:00:00,19,88,4
2018-02-05 11:00:00,11,90,4
2018-02-05 12:00:00,24,450,4
2018-02-05 13:00:00,18,204,4
2018-02-05 14:00:00,30,2558,4
2018-02-05 15:00:00,27,582,4
2018-02-05 16:00:00,10,104,4
2018-02-05 17:00:00,39,974,4
2018-02-05 18:00:00,26,600,4
2018-02-05 19:00:00,27,1544,4
2018-02-05 20:00:00,21,196,4
2018-02-05 21:00:00,22,250,4
2018-02-05 22:00:00,28,336,4
2018-02-05 23:00:00,31,384,4
2018-02-06 00:00:00,18,298,4
2018-02-06 01:00:00,43,592,4
2018-02-06 02:00:00,29,978,4
2018-02-06 03:00:00,47,2100,4
2018-02-06 04:00:00,18,2716,4
2018-02-06 05:00:00,25,834,4
2018-02-06 06:00:00,28,222,4
2018-02-06 07:00:00,38,450,4
2018-02-06 08:00:00,19,250,4
2018-02-06 09:00:00,35,1290,4
2018-02-06 10:00:00,17,286,4
2018-02-06 11:00:00,16,252,4
2018-02-06 12:00:00,36,374,4
2018-02-06 13:00:00,23,260,4
2018-02-06 14:00:00,20,234,4
2018-02-06 15:00:00,23,3854,4
2018-02-06 16:00:00,2,3024,4
2018-02-06 17:00:00,30,482,4
2018-02-06 18:00:00,42,2106,4
2018-02-06 19:00:00,18,1658,4
2018-02-06 20:00:00,29,232,4
2018-02-06 21:00:00,25,216,4
2018-02-06 22:00:00,22,482,4
2018-02-06 23:00:00,31,288,4
2018-02-07 00:00:00,35,466,4
2018-02-07 01:00:00,33,372,4
2018-02-07 02:00:00,40,370,4
2018-02-07 03:00:00,28,230,4
2018-02-07 04:00:00,27,238,4
2018-02-07 05:00:00,33,476,4
2018-02-07 06:00:00,22,158,4
2018-02-07 07:00:00,20,1124,4
2018-02-07 08:00:00,30,294,4
2018-02-07 09:00:00,29,334,4
2018-02-07 10:00:00,26,284,4
2018-02-07 11:00:00,34,478,4
2018-02-07 12:00:00,46,772,4
2018-02-07 13:00:00,19,4080,4
2018-02-07 14:00:00,12,106,4
2018-02-07 15:00:00,16,150,4
2018-02-07 16:00:00,23,172,4
2018-02-07 17:00:00,16,126,4
2018-02-07 18:00:00,21,220,4
2018-02-07 19:00:00,19,142,4
2018-02-07 20:00:00,20,140,4
2018-02-07 21:00:00,31,532,4
2018-02-07 22:00:00,23,172,4
2018-02-07 23:00:00,25,278,4
2018-02-08 00:00:00,18,138,4
2018-02-08 01:00:00,13,2866,4
2018-02-08 02:00:00,22,490,4
2018-02-08 03:00:00,23,416,4
2018-02-08 04:00:00,21,248,4
2018-02-08 05:00:00,15,2606,4
2018-02-08 06:00:00,12,92,4
2018-02-08 07:00:00,21,1530,4
2018-02-08 08:00:00,28,670,4
2018-02-08 09:00:00,23,202,4
2018-02-08 10:00:00,16,140,4
2018-02-08 11:00:00,10,62,4
2018-02-08 12:00:00,17,170,4
2018-02-08 13:00:00,11,44,4
2018-02-08 14:00:00,21,228,4
2018-02-08 15:00:00,31,216,4
2018-02-08 16:00:00,35,166,4
2018-02-08 17:00:00,19,254,4
2018-02-08 18:00:00,15,174,4
2018-02-08 19:00:00,10,166,4
2018-02-08 20:00:00,14,118,4
2018-02-08 21:00:00,15,112,4
2018-02-08 22:00:00,18,236,4
2018-02-08 23:00:00,26,166,4
2018-02-09 00:00:00,16,230,4
2018-02-09 01:00:00,19,138,4
2018-02-09 02:00:00,18,194,4
2018-02-09 03:00:00,25,204,4
2018-02-09 04:00:00,16,140,4
2018-02-09 05:00:00,22,210,4
2018-02-09 06:00:00,17,156,4
2018-02-09 07:00:00,15,126,4
2018-02-09 08:00:00,20,290,4
2018-02-09 09:00:00,21,242,4
2018-02-09 10:00:00,25,254,4
2018-02-09 11:00:00,25,306,4
2018-02-09 12:00:00,20,136,4
2018-02-09 13:00:00,18,222,4
2018-02-09 14:00:00,23,266,4
2018-02-09 15:00:00,13,154,4
2018-02-09 16:00:00,24,164,4
2018-02-09 17:00:00,22,168,4
2018-02-09 18:00:00,17,142,4
2018-02-09 19:00:00,18,1712,4
2018-02-09 20:00:00,47,1258,4
2018-02-09 21:00:00,16,138,4
2018-02-09 22:00:00,19,862,4
2018-02-09 23:00:00,24,242,4
2018-02-10 00:00:00,13,130,4
2018-02-10 01:00:00,27,260,4
2018-02-10 02:00:00,17,3200,4
2018-02-10 03:00:00,40,460,4
2018-02-10 04:00:00,27,246,4
2018-02-10 05:00:00,6,68,4
2018-02-10 06:00:00,25,288,4
2018-02-10 07:00:00,8,48,4
2018-02-10 08:00:00,9,42,4
2018-02-10 09:00:00,7,78,4
2018-02-10 10:00:00,13,116,4
2018-02-10 11:00:00,6,118,4
2018-02-10 12:00:00,9,96,4
2018-02-10 13:00:00,113,3500,4
2018-02-10 14:00:00,18,6564,4
2018-02-10 16:00:00,40,2018,4
2018-02-10 17:00:00,12,82,4
2018-02-10 18:00:00,19,154,4
2018-02-10 19:00:00,111,2510,4
2018-02-10 20:00:00,35,1832,4
2018-02-10 21:00:00,17,136,4
2018-02-10 22:00:00,32,474,4
2018-02-10 23:00:00,25,1742,4
2018-02-11 00:00:00,14,140,4
2018-02-11 01:00:00,15,88,4
2018-02-11 02:00:00,27,388,4
2018-02-11 03:00:00,17,230,4
2018-02-11 04:00:00,18,154,4
2018-02-11 05:00:00,13,288,4
2018-02-11 06:00:00,45,436,4
2018-02-11 07:00:00,44,698,4
2018-02-11 08:00:00,35,3108,4
2018-02-11 09:00:00,16,3550,4
2018-02-11 10:00:00,51,4848,4
2018-02-11 11:00:00,6,222,4
2018-02-11 12:00:00,32,2540,4
2018-02-11 13:00:00,27,196,4
2018-02-11 14:00:00,31,380,4
2018-02-11 15:00:00,25,234,4
2018-02-11 16:00:00,27,182,4
2018-02-11 17:00:00,25,150,4
2018-02-11 18:00:00,29,206,4
2018-02-11 19:00:00,31,322,4
2018-02-11 20:00:00,29,356,4
2018-02-11 21:00:00,34,312,4
2018-02-11 22:00:00,1,2260,3
2018-02-11 22:00:00,53,984,4
2018-02-11 23:00:00,16,3082,3
2018-02-11 23:00:00,37,826,4
2018-02-12 00:00:00,25,1306,3
2018-02-12 00:00:00,44,2078,4
2018-02-12 01:00:00,19,218,3
2018-02-12 01:00:00,29,660,4
2018-02-12 02:00:00,13,150,3
2018-02-12 02:00:00,25,190,4
2018-02-12 03:00:00,18,294,3
2018-02-12 03:00:00,24,276,4
2018-02-12 04:00:00,14,240,3
2018-02-12 04:00:00,43,390,4
2018-02-12 05:00:00,10,3088,3
2018-02-12 05:00:00,37,310,4
2018-02-12 06:00:00,10,334,3
2018-02-12 06:00:00,22,256,4
2018-02-12 07:00:00,19,192,3
2018-02-12 07:00:00,28,304,4
2018-02-12 08:00:00,12,234,3
2018-02-12 08:00:00,24,256,4
2018-02-12 09:00:00,6,152,3
2018-02-12 09:00:00,27,242,4
2018-02-12 10:00:00,12,152,3
2018-02-12 10:00:00,14,2336,4
2018-02-12 11:00:00,13,154,3
2018-02-12 11:00:00,31,336,4
2018-02-12 12:00:00,14,176,3
2018-02-12 12:00:00,24,174,4
2018-02-12 13:00:00,21,236,3
2018-02-12 13:00:00,22,168,4
2018-02-12 14:00:00,48,312,3
2018-02-12 14:00:00,21,268,4
2018-02-12 15:00:00,10,226,3
2018-02-12 15:00:00,38,372,4
2018-02-12 16:00:00,15,198,3
2018-02-12 16:00:00,17,190,4
2018-02-12 17:00:00,10,162,3
2018-02-12 17:00:00,31,486,4
2018-02-12 18:00:00,15,208,3
2018-02-12 18:00:00,20,210,4
2018-02-12 19:00:00,9,162,3
2018-02-12 19:00:00,14,268,4
2018-02-12 20:00:00,9,152,3
2018-02-12 20:00:00,25,522,4
2018-02-12 21:00:00,15,110,3
2018-02-12 21:00:00,33,632,4
2018-02-12 22:00:00,9,100,3
2018-02-12 22:00:00,37,1176,4
2018-02-12 23:00:00,15,214,3
2018-02-12 23:00:00,13,228,4
2018-02-13 00:00:00,10,192,3
2018-02-13 00:00:00,27,274,4
2018-02-13 01:00:00,14,3320,3
2018-02-13 01:00:00,12,100,4
2018-02-13 02:00:00,20,494,3
2018-02-13 02:00:00,38,552,4
2018-02-13 03:00:00,16,188,3
2018-02-13 03:00:00,22,178,4
2018-02-13 04:00:00,18,162,3
2018-02-13 04:00:00,13,256,4
2018-02-13 05:00:00,22,378,3
2018-02-13 05:00:00,20,176,4
2018-02-13 06:00:00,19,130,3
2018-02-13 06:00:00,24,242,4
2018-02-13 07:00:00,20,246,3
2018-02-13 07:00:00,31,300,4
2018-02-13 08:00:00,20,208,3
2018-02-13 08:00:00,53,1478,4
2018-02-13 09:00:00,34,580,3
2018-02-13 09:00:00,51,1218,4
2018-02-13 10:00:00,23,284,3
2018-02-13 10:00:00,25,290,4
2018-02-13 11:00:00,21,236,3
2018-02-13 11:00:00,21,168,4
2018-02-13 12:00:00,19,138,3
2018-02-13 12:00:00,39,492,4
2018-02-13 13:00:00,10,96,3
2018-02-13 13:00:00,22,236,4
2018-02-13 14:00:00,11,1496,3
2018-02-13 14:00:00,17,1690,4
2018-02-13 15:00:00,15,406,3
2018-02-13 15:00:00,30,546,4
2018-02-13 16:00:00,8,92,3
2018-02-13 16:00:00,23,222,4
2018-02-13 17:00:00,14,146,3
2018-02-13 17:00:00,38,370,4
2018-02-13 18:00:00,15,138,3
2018-02-13 18:00:00,30,1220,4
2018-02-13 19:00:00,15,156,3
2018-02-13 19:00:00,28,152,4
2018-02-13 20:00:00,15,178,3
2018-02-13 20:00:00,34,246,4
2018-02-13 21:00:00,9,96,3
2018-02-13 21:00:00,28,294,4
2018-02-13 22:00:00,9,86,3
2018-02-13 22:00:00,36,376,4
2018-02-13 23:00:00,10,102,3
2018-02-13 23:00:00,54,738,4
2018-02-14 00:00:00,15,138,3
2018-02-14 00:00:00,22,308,4
2018-02-14 01:00:00,7,152,3
2018-02-14 01:00:00,27,218,4
2018-02-14 02:00:00,15,268,3
2018-02-14 02:00:00,25,238,4
2018-02-14 03:00:00,5,120,3
2018-02-14 03:00:00,33,320,4
2018-02-14 04:00:00,24,436,3
2018-02-14 04:00:00,23,460,4
2018-02-14 05:00:00,17,548,3
2018-02-14 05:00:00,28,324,4
2018-02-14 06:00:00,12,500,3
2018-02-14 06:00:00,41,1226,4
2018-02-14 07:00:00,34,904,3
2018-02-14 07:00:00,21,262,4
2018-02-14 08:00:00,22,314,3
2018-02-14 08:00:00,17,318,4
2018-02-14 09:00:00,24,608,3
2018-02-14 09:00:00,22,458,4
2018-02-14 10:00:00,17,164,3
2018-02-14 10:00:00,14,170,4
2018-02-14 11:00:00,12,2550,3
2018-02-14 11:00:00,38,5166,4
2018-02-14 12:00:00,18,4410,3
2018-02-14 12:00:00,1,1320,4
2018-02-14 13:00:00,38,2746,3
2018-02-14 13:00:00,14,2270,4
2018-02-14 14:00:00,45,3552,3
2018-02-14 14:00:00,23,388,4
2018-02-14 15:00:00,7,3206,3
2018-02-14 15:00:00,20,226,4
2018-02-14 16:00:00,19,5322,3
2018-02-14 16:00:00,15,300,4
2018-02-14 17:00:00,2,2016,3
2018-02-14 17:00:00,24,532,4
2018-02-14 18:00:00,15,3784,3
2018-02-14 18:00:00,15,284,4
2018-02-14 19:00:00,5,20122,3
2018-02-14 19:00:00,34,624,4
2018-02-14 20:00:00,25,250,4
2018-02-14 21:00:00,32,492,4
2018-02-14 22:00:00,35,546,4
2018-02-14 23:00:00,50,1006,4
2018-02-15 00:00:00,10,1534,3
2018-02-15 00:00:00,19,238,4
2018-02-15 01:00:00,8,57548,3
2018-02-15 01:00:00,37,394,4
2018-02-15 02:00:00,23,252,4
2018-02-15 03:00:00,22,262,4
2018-02-15 04:00:00,14,282,4
2018-02-15 05:00:00,27,150,4
2018-02-15 06:00:00,31,220,4
2018-02-15 07:00:00,17,162,4
2018-02-15 08:00:00,20,202,4
2018-02-15 09:00:00,34,378,4
2018-02-15 10:00:00,29,440,4
2018-02-15 11:00:00,30,446,4
2018-02-15 12:00:00,22,462,4
2018-02-15 13:00:00,45,808,4
2018-02-15 14:00:00,35,618,4
2018-02-15 15:00:00,56,796,4
2018-02-15 16:00:00,56,656,4
2018-02-15 17:00:00,28,314,3
2018-02-15 17:00:00,40,634,4
2018-02-15 18:00:00,24,238,3
2018-02-15 18:00:00,54,614,4
2018-02-15 19:00:00,23,414,3
2018-02-15 19:00:00,56,950,4
2018-02-15 20:00:00,27,392,3
2018-02-15 20:00:00,7,6914,4
2018-02-15 21:00:00,51,532,3
2018-02-15 21:00:00,3,1294,4
2018-02-15 22:00:00,30,294,3
2018-02-15 22:00:00,1,6440,4
2018-02-15 23:00:00,19,422,3
2018-02-16 00:00:00,25,288,3
2018-02-16 00:00:00,2,3176,4
2018-02-16 01:00:00,19,246,3
2018-02-16 01:00:00,1,90066,4
2018-02-16 02:00:00,15,338,3
2018-02-16 03:00:00,18,214,3
2018-02-16 04:00:00,24,398,3
2018-02-16 05:00:00,30,490,3
2018-02-16 06:00:00,19,430,3
2018-02-16 07:00:00,12,2814,3
2018-02-16 08:00:00,23,412,3
2018-02-16 09:00:00,19,316,3
2018-02-16 10:00:00,18,208,3
2018-02-16 11:00:00,25,774,3
2018-02-16 12:00:00,13,122,3
2018-02-16 13:00:00,21,204,3
2018-02-16 14:00:00,35,642,3
2018-02-16 15:00:00,12,114,3
2018-02-16 16:00:00,19,196,3
2018-02-16 17:00:00,21,270,3
2018-02-16 18:00:00,29,546,3
2018-02-16 19:00:00,29,304,3
2018-02-16 20:00:00,31,362,3
2018-02-16 21:00:00,14,234,3
2018-02-16 22:00:00,28,476,3
2018-02-16 23:00:00,43,1376,3
2018-02-17 00:00:00,16,212,3
2018-02-17 01:00:00,10,250,3
2018-02-17 02:00:00,9,96,3
2018-02-17 02:00:00,1,4650,4
2018-02-17 03:00:00,21,202,3
2018-02-17 03:00:00,4,4858,4
2018-02-17 04:00:00,25,268,3
2018-02-17 04:00:00,3,2332,4
2018-02-17 05:00:00,19,212,3
2018-02-17 05:00:00,58,472,4
2018-02-17 06:00:00,10,176,3
2018-02-17 06:00:00,30,386,4
2018-02-17 07:00:00,24,370,3
2018-02-17 07:00:00,24,622,4
2018-02-17 08:00:00,35,512,3
2018-02-17 08:00:00,21,258,4
2018-02-17 09:00:00,46,2134,3
2018-02-17 09:00:00,7,74,4
2018-02-17 10:00:00,19,1134,3
2018-02-17 10:00:00,20,190,4
2018-02-17 11:00:00,23,448,3
2018-02-17 11:00:00,36,626,4
2018-02-17 12:00:00,13,168,3
2018-02-17 12:00:00,15,198,4
2018-02-17 13:00:00,14,304,3
2018-02-17 13:00:00,26,202,4
2018-02-17 14:00:00,13,354,3
2018-02-17 14:00:00,37,252,4
2018-02-17 15:00:00,16,234,3
2018-02-17 15:00:00,28,244,4
2018-02-17 16:00:00,24,260,3
2018-02-17 16:00:00,24,564,4
2018-02-17 17:00:00,15,378,3
2018-02-17 17:00:00,15,152,4
2018-02-17 18:00:00,15,148,3
2018-02-17 18:00:00,12,118,4
2018-02-17 19:00:00,15,274,3
2018-02-17 19:00:00,12,280,4
2018-02-17 20:00:00,19,176,3
2018-02-17 20:00:00,5,76,4
2018-02-17 21:00:00,13,274,3
2018-02-17 21:00:00,12,112,4
2018-02-17 22:00:00,20,160,3
2018-02-17 22:00:00,11,164,4
2018-02-17 23:00:00,24,392,3
2018-02-17 23:00:00,30,440,4
2018-02-18 00:00:00,21,190,3
2018-02-18 00:00:00,20,246,4
2018-02-18 01:00:00,25,388,3
2018-02-18 01:00:00,29,254,4
2018-02-18 02:00:00,27,564,3
2018-02-18 02:00:00,12,186,4
2018-02-18 03:00:00,48,1090,3
2018-02-18 03:00:00,19,386,4
2018-02-18 04:00:00,23,200,3
2018-02-18 04:00:00,28,352,4
2018-02-18 05:00:00,15,198,3
2018-02-18 05:00:00,17,238,4
2018-02-18 06:00:00,22,308,3
2018-02-18 06:00:00,29,310,4
2018-02-18 07:00:00,28,3542,3
2018-02-18 07:00:00,32,430,4
2018-02-18 08:00:00,1,7086,3
2018-02-18 08:00:00,22,1966,4
2018-02-18 09:00:00,33,426,4
2018-02-18 10:00:00,1,140394,3
2018-02-18 10:00:00,23,2674,4
2018-02-18 11:00:00,1,94638,4
2018-02-19 13:00:00,6,2030,4
2018-02-19 14:00:00,27,636,4
2018-02-19 15:00:00,7,2802,4
2018-02-19 16:00:00,19,286,4
2018-02-19 17:00:00,14,122,4
2018-02-19 18:00:00,18,370,4
2018-02-19 19:00:00,16,168,4
2018-02-19 20:00:00,22,242,4
2018-02-19 21:00:00,18,228,4
2018-02-19 22:00:00,36,430,4
2018-02-19 23:00:00,16,350,4
2018-02-20 00:00:00,30,778,4
2018-02-20 01:00:00,1,4486,3
2018-02-20 01:00:00,19,806,4
2018-02-20 02:00:00,1,1912,3
2018-02-20 02:00:00,20,198,4
2018-02-20 03:00:00,6,5178,3
2018-02-20 03:00:00,22,402,4
2018-02-20 04:00:00,12,578,3
2018-02-20 04:00:00,21,340,4
2018-02-20 05:00:00,96,2934,3
2018-02-20 05:00:00,35,508,4
2018-02-20 06:00:00,75,1352,3
2018-02-20 06:00:00,23,602,4
2018-02-20 07:00:00,40,2682,3
2018-02-20 07:00:00,34,778,4
2018-02-20 08:00:00,35,3114,3
2018-02-20 08:00:00,18,206,4
2018-02-20 09:00:00,66,1584,3
2018-02-20 09:00:00,13,114,4
2018-02-20 10:00:00,40,1252,3
2018-02-20 10:00:00,18,80,4
2018-02-20 11:00:00,34,3144,3
2018-02-20 11:00:00,19,478,4
2018-02-20 12:00:00,1,3784,3
2018-02-20 12:00:00,17,108,4
2018-02-20 13:00:00,24,702,3
2018-02-20 13:00:00,24,318,4
2018-02-20 14:00:00,62,1218,3
2018-02-20 14:00:00,15,240,4
2018-02-20 15:00:00,60,2380,3
2018-02-20 15:00:00,25,464,4
2018-02-20 16:00:00,61,476,3
2018-02-20 16:00:00,38,706,4
2018-02-20 17:00:00,42,582,3
2018-02-20 17:00:00,19,202,4
2018-02-20 18:00:00,46,258,3
2018-02-20 18:00:00,25,282,4
2018-02-20 19:00:00,29,326,3
2018-02-20 19:00:00,11,92,4
2018-02-20 20:00:00,35,330,3
2018-02-20 20:00:00,37,384,4
2018-02-20 21:00:00,32,412,3
2018-02-20 21:00:00,14,3554,4
2018-02-20 22:00:00,40,504,3
2018-02-20 22:00:00,18,412,4
2018-02-20 23:00:00,39,660,3
2018-02-20 23:00:00,20,290,4
2018-02-21 00:00:00,66,1664,3
2018-02-21 00:00:00,22,360,4
2018-02-21 01:00:00,65,1404,3
2018-02-21 01:00:00,26,626,4
2018-02-21 02:00:00,31,332,3
2018-02-21 02:00:00,30,522,4
2018-02-21 03:00:00,7,3790,3
2018-02-21 03:00:00,14,192,4
2018-02-21 04:00:00,45,478,3
2018-02-21 04:00:00,25,258,4
2018-02-21 05:00:00,31,370,3
2018-02-21 05:00:00,26,880,4
2018-02-21 06:00:00,31,284,3
2018-02-21 06:00:00,11,124,4
2018-02-21 07:00:00,16,11966,3
2018-02-21 07:00:00,20,4510,4
2018-02-21 08:00:00,19,716,4
2018-02-21 09:00:00,11,82,4
2018-02-21 10:00:00,1,2216,3
2018-02-21 10:00:00,17,2328,4
2018-02-21 11:00:00,53,1258,3
2018-02-21 11:00:00,22,228,4
2018-02-21 12:00:00,21,196,3
2018-02-21 12:00:00,9,138,4
2018-02-21 13:00:00,20,280,3
2018-02-21 13:00:00,15,62,4
2018-02-21 14:00:00,10,5210,3
2018-02-21 14:00:00,12,404,4
2018-02-21 15:00:00,8,176,3
2018-02-21 15:00:00,19,118,4
2018-02-21 16:00:00,34,3808,3
2018-02-21 16:00:00,13,136,4
2018-02-21 17:00:00,32,878,3
2018-02-21 17:00:00,22,244,4
2018-02-21 18:00:00,15,102,3
2018-02-21 18:00:00,33,530,4
2018-02-21 19:00:00,17,242,3
2018-02-21 19:00:00,10,122,4
2018-02-21 20:00:00,23,288,3
2018-02-21 20:00:00,18,154,4
2018-02-21 21:00:00,15,2984,3
2018-02-21 21:00:00,20,216,4
2018-02-21 22:00:00,21,458,3
2018-02-21 22:00:00,18,112,4
2018-02-21 23:00:00,24,220,3
2018-02-21 23:00:00,27,3932,4
2018-02-22 00:00:00,28,284,3
2018-02-22 00:00:00,9,66,4
2018-02-22 01:00:00,18,262,3
2018-02-22 01:00:00,20,242,4
2018-02-22 02:00:00,53,580,3
2018-02-22 02:00:00,13,136,4
2018-02-22 03:00:00,24,330,3
2018-02-22 03:00:00,23,192,4
2018-02-22 04:00:00,33,348,3
2018-02-22 04:00:00,11,282,4
2018-02-22 05:00:00,25,284,3
2018-02-22 05:00:00,19,230,4
2018-02-22 06:00:00,25,440,3
2018-02-22 06:00:00,53,1614,4
2018-02-22 07:00:00,18,232,3
2018-02-22 07:00:00,14,152,4
2018-02-22 08:00:00,22,166,3
2018-02-22 08:00:00,11,252,4
2018-02-22 09:00:00,17,214,3
2018-02-22 09:00:00,11,204,4
2018-02-22 10:00:00,20,110,3
2018-02-22 10:00:00,16,142,4
2018-02-22 11:00:00,20,302,3
2018-02-22 11:00:00,11,196,4
2018-02-22 12:00:00,15,116,3
2018-02-22 12:00:00,7,64,4
2018-02-22 13:00:00,15,264,3
2018-02-22 13:00:00,12,176,4
2018-02-22 14:00:00,19,232,3
2018-02-22 14:00:00,12,272,4
2018-02-22 15:00:00,28,912,3
2018-02-22 15:00:00,26,618,4
2018-02-22 16:00:00,23,464,3
2018-02-22 16:00:00,17,324,4
2018-02-22 17:00:00,21,260,3
2018-02-22 17:00:00,13,208,4
2018-02-22 18:00:00,21,230,3
2018-02-22 18:00:00,19,176,4
2018-02-22 19:00:00,45,940,3
2018-02-22 19:00:00,17,110,4
2018-02-22 20:00:00,25,584,3
2018-02-22 20:00:00,12,164,4
2018-02-22 21:00:00,66,1012,3
2018-02-22 21:00:00,18,174,4
2018-02-22 22:00:00,17,212,3
2018-02-22 22:00:00,9,116,4
2018-02-22 23:00:00,23,308,3
2018-02-22 23:00:00,23,152,4
2018-02-23 00:00:00,18,262,3
2018-02-23 00:00:00,22,122,4
2018-02-23 01:00:00,32,310,3
2018-02-23 01:00:00,35,246,4
2018-02-23 02:00:00,28,660,3
2018-02-23 02:00:00,20,92,4
2018-02-23 03:00:00,27,456,3
2018-02-23 03:00:00,18,112,4
2018-02-23 04:00:00,18,302,3
2018-02-23 04:00:00,33,144,4
2018-02-23 05:00:00,47,734,3
2018-02-23 05:00:00,26,202,4
2018-02-23 06:00:00,18,240,3
2018-02-23 06:00:00,28,204,4
2018-02-23 07:00:00,14,252,3
2018-02-23 07:00:00,37,264,4
2018-02-23 08:00:00,34,414,3
2018-02-23 08:00:00,20,294,4
2018-02-23 09:00:00,26,214,3
2018-02-23 09:00:00,28,254,4
2018-02-23 10:00:00,15,192,3
2018-02-23 10:00:00,20,152,4
2018-02-23 11:00:00,27,374,3
2018-02-23 11:00:00,37,204,4
2018-02-23 12:00:00,28,342,3
2018-02-23 12:00:00,22,158,4
2018-02-23 13:00:00,14,2728,3
2018-02-23 13:00:00,18,84,4
2018-02-23 14:00:00,7,1972,3
2018-02-23 14:00:00,23,214,4
2018-02-23 15:00:00,20,306,3
2018-02-23 15:00:00,35,266,4
2018-02-23 16:00:00,29,620,3
2018-02-23 16:00:00,36,246,4
2018-02-23 17:00:00,51,376,3
2018-02-23 17:00:00,34,438,4
2018-02-23 18:00:00,31,472,3
2018-02-23 18:00:00,23,186,4
2018-02-23 19:00:00,31,402,3
2018-02-23 19:00:00,33,168,4
2018-02-23 20:00:00,35,410,3
2018-02-23 20:00:00,34,364,4
2018-02-23 21:00:00,43,544,3
2018-02-23 21:00:00,36,834,4
2018-02-23 22:00:00,22,222,3
2018-02-23 22:00:00,29,250,4
2018-02-23 23:00:00,25,276,3
2018-02-23 23:00:00,8,3256,4
2018-02-24 00:00:00,24,316,3
2018-02-24 00:00:00,33,412,4
2018-02-24 01:00:00,24,348,3
2018-02-24 01:00:00,17,212,4
2018-02-24 02:00:00,25,458,3
2018-02-24 02:00:00,21,244,4
2018-02-24 03:00:00,21,284,3
2018-02-24 03:00:00,11,82,4
2018-02-24 04:00:00,19,342,3
2018-02-24 04:00:00,30,272,4
2018-02-24 05:00:00,40,1322,3
2018-02-24 05:00:00,37,482,4
2018-02-24 06:00:00,17,238,3
2018-02-24 06:00:00,13,118,4
2018-02-24 07:00:00,34,304,3
2018-02-24 07:00:00,15,146,4
2018-02-24 08:00:00,23,312,3
2018-02-24 08:00:00,15,2488,4
2018-02-24 09:00:00,13,144,3
2018-02-24 09:00:00,12,100,4
2018-02-24 10:00:00,18,344,3
2018-02-24 10:00:00,16,120,4
2018-02-24 11:00:00,23,340,3
2018-02-24 11:00:00,23,186,4
2018-02-24 12:00:00,22,274,3
2018-02-24 12:00:00,22,234,4
2018-02-24 13:00:00,32,560,3
2018-02-24 13:00:00,15,150,4
2018-02-24 14:00:00,13,98,3
2018-02-24 14:00:00,14,224,4
2018-02-24 15:00:00,29,366,3
2018-02-24 15:00:00,6,66,4
2018-02-24 16:00:00,32,488,3
2018-02-24 16:00:00,18,210,4
2018-02-24 17:00:00,37,364,3
2018-02-24 17:00:00,19,188,4
2018-02-24 18:00:00,18,326,3
2018-02-24 18:00:00,16,182,4
2018-02-24 19:00:00,15,342,3
2018-02-24 19:00:00,10,72,4
2018-02-24 20:00:00,40,1940,3
2018-02-24 20:00:00,16,190,4
2018-02-24 21:00:00,43,1118,3
2018-02-24 21:00:00,13,226,4
2018-02-24 22:00:00,20,370,3
2018-02-24 22:00:00,16,262,4
2018-02-24 23:00:00,28,544,3
2018-02-24 23:00:00,17,252,4
2018-02-25 00:00:00,26,278,3
2018-02-25 00:00:00,11,196,4
2018-02-25 01:00:00,29,410,3
2018-02-25 01:00:00,16,230,4
2018-02-25 02:00:00,35,334,3
2018-02-25 02:00:00,12,172,4
2018-02-25 03:00:00,30,434,3
2018-02-25 03:00:00,14,108,4
2018-02-25 04:00:00,36,664,3
2018-02-25 04:00:00,20,62,4
2018-02-25 05:00:00,19,270,3
2018-02-25 05:00:00,17,2220,4
2018-02-25 06:00:00,27,388,3
2018-02-25 06:00:00,32,298,4
2018-02-25 07:00:00,33,306,3
2018-02-25 07:00:00,24,266,4
2018-02-25 08:00:00,34,1418,3
2018-02-25 08:00:00,24,702,4
2018-02-25 09:00:00,11,208,3
2018-02-25 09:00:00,13,292,4
2018-02-25 10:00:00,15,250,3
2018-02-25 10:00:00,13,98,4
2018-02-25 11:00:00,25,448,3
2018-02-25 11:00:00,10,134,4
2018-02-25 12:00:00,18,146,3
2018-02-25 12:00:00,13,62,4
2018-02-25 13:00:00,23,2790,3
2018-02-25 13:00:00,18,2678,4
2018-02-25 14:00:00,10,190,3
2018-02-25 14:00:00,13,254,4
2018-02-25 15:00:00,13,3082,3
2018-02-25 15:00:00,11,202,4
2018-02-25 16:00:00,25,278,3
2018-02-25 16:00:00,22,120,4
2018-02-25 17:00:00,21,382,3
2018-02-25 17:00:00,16,178,4
2018-02-25 18:00:00,32,372,3
2018-02-25 18:00:00,14,204,4
2018-02-25 19:00:00,23,194,3
2018-02-25 19:00:00,44,488,4
2018-02-25 20:00:00,19,226,3
2018-02-25 20:00:00,14,56,4
2018-02-25 21:00:00,21,578,3
2018-02-25 21:00:00,15,420,4
2018-02-25 22:00:00,17,286,3
2018-02-25 22:00:00,27,338,4
2018-02-25 23:00:00,15,166,3
2018-02-25 23:00:00,20,148,4
2018-02-26 00:00:00,14,186,3
2018-02-26 00:00:00,26,308,4
2018-02-26 01:00:00,14,156,3
2018-02-26 01:00:00,27,2106,4
2018-02-26 02:00:00,15,316,3
2018-02-26 02:00:00,13,344,4
2018-02-26 03:00:00,33,316,3
2018-02-26 03:00:00,11,138,4
2018-02-26 04:00:00,26,290,3
2018-02-26 04:00:00,7,4440,4
2018-02-26 05:00:00,21,322,3
2018-02-26 05:00:00,23,1102,4
2018-02-26 06:00:00,26,384,3
2018-02-26 06:00:00,17,236,4
2018-02-26 07:00:00,29,412,3
2018-02-26 07:00:00,42,650,4
2018-02-26 08:00:00,19,498,3
2018-02-26 08:00:00,55,1112,4
2018-02-26 09:00:00,20,304,3
2018-02-26 09:00:00,32,986,4
2018-02-26 10:00:00,33,454,3
2018-02-26 10:00:00,27,1080,4
2018-02-26 11:00:00,25,306,3
2018-02-26 11:00:00,34,2824,4
2018-02-26 12:00:00,38,672,3
2018-02-26 12:00:00,17,888,4
2018-02-26 13:00:00,18,334,3
2018-02-26 13:00:00,36,946,4
2018-02-26 14:00:00,27,334,3
2018-02-26 14:00:00,20,216,4
2018-02-26 15:00:00,17,232,3
2018-02-26 15:00:00,31,642,4
2018-02-26 16:00:00,21,350,3
2018-02-26 16:00:00,13,2380,4
2018-02-26 17:00:00,45,576,3
2018-02-26 17:00:00,3,3222,4
2018-02-26 18:00:00,30,526,3
2018-02-26 18:00:00,58,1846,4
2018-02-26 19:00:00,26,374,3
2018-02-26 19:00:00,63,1514,4
2018-02-26 20:00:00,22,430,3
2018-02-26 20:00:00,30,318,4
2018-02-26 21:00:00,21,398,3
2018-02-26 21:00:00,35,222,4
2018-02-26 22:00:00,17,260,3
2018-02-26 22:00:00,31,258,4
2018-02-26 23:00:00,29,694,3
2018-02-26 23:00:00,38,1062,4
2018-02-27 00:00:00,27,604,3
2018-02-27 00:00:00,59,1922,4
2018-02-27 01:00:00,14,178,3
2018-02-27 01:00:00,53,3062,4
2018-02-27 02:00:00,21,192,3
2018-02-27 02:00:00,37,1730,4
2018-02-27 03:00:00,23,468,3
2018-02-27 03:00:00,7,212,4
2018-02-27 04:00:00,33,530,3
2018-02-27 04:00:00,18,266,4
2018-02-27 05:00:00,16,232,3
2018-02-27 05:00:00,31,476,4
2018-02-27 06:00:00,17,686,3
2018-02-27 06:00:00,30,496,4
2018-02-27 07:00:00,33,374,3
2018-02-27 07:00:00,25,312,4
2018-02-27 08:00:00,21,340,3
2018-02-27 08:00:00,25,366,4
2018-02-27 09:00:00,27,298,3
2018-02-27 09:00:00,46,604,4
2018-02-27 10:00:00,37,484,3
2018-02-27 10:00:00,68,1708,4
2018-02-27 11:00:00,4,4430,3
2018-02-27 11:00:00,1,7690,4
2018-02-27 12:00:00,20,1940,3
2018-02-27 13:00:00,14,140,3
2018-02-27 13:00:00,41,812,4
2018-02-27 14:00:00,22,358,3
2018-02-27 14:00:00,44,1000,4
2018-02-27 15:00:00,16,310,3
2018-02-27 15:00:00,32,210,4
2018-02-27 16:00:00,29,576,3
2018-02-27 16:00:00,44,1208,4
2018-02-27 17:00:00,23,3214,3
2018-02-27 17:00:00,41,816,4
2018-02-27 18:00:00,10,2574,3
2018-02-27 18:00:00,32,544,4
2018-02-27 19:00:00,43,1300,3
2018-02-27 19:00:00,25,512,4
2018-02-27 20:00:00,7,4540,3
2018-02-27 20:00:00,53,770,4
2018-02-27 21:00:00,25,1170,3
2018-02-27 21:00:00,42,1852,4
2018-02-27 22:00:00,28,786,3
2018-02-27 22:00:00,35,712,4
2018-02-27 23:00:00,19,388,3
2018-02-27 23:00:00,29,398,4
2018-02-28 00:00:00,44,2302,3
2018-02-28 00:00:00,26,498,4
2018-02-28 01:00:00,34,1558,3
2018-02-28 01:00:00,49,1058,4
2018-02-28 02:00:00,22,402,3
2018-02-28 02:00:00,10,6046,4
2018-02-28 03:00:00,31,534,3
2018-02-28 03:00:00,1,14600,4
2018-02-28 04:00:00,15,314,3
2018-02-28 05:00:00,22,1034,3
2018-02-28 06:00:00,33,514,3
2018-02-28 07:00:00,27,258,3
2018-02-28 07:00:00,1,4388,4
2018-02-28 08:00:00,23,266,3
2018-02-28 09:00:00,17,266,3
2018-02-28 09:00:00,19,3158,4
2018-02-28 10:00:00,29,442,3
2018-02-28 10:00:00,67,1230,4
2018-02-28 11:00:00,28,228,3
2018-02-28 11:00:00,49,934,4
2018-02-28 12:00:00,31,190,3
2018-02-28 12:00:00,34,308,4
2018-02-28 13:00:00,36,310,3
2018-02-28 13:00:00,24,262,4
2018-02-28 14:00:00,14,142,3
2018-02-28 14:00:00,45,418,4
2018-02-28 15:00:00,18,372,3
2018-02-28 15:00:00,51,2498,4
2018-02-28 16:00:00,14,170,3
2018-02-28 16:00:00,38,342,4
2018-02-28 17:00:00,24,524,3
2018-02-28 17:00:00,28,192,4
2018-02-28 18:00:00,11,154,3
2018-02-28 18:00:00,19,258,4
2018-02-28 19:00:00,9,140,3
2018-02-28 19:00:00,24,2240,4
2018-02-28 20:00:00,14,324,3
2018-02-28 20:00:00,10,2148,4
2018-02-28 21:00:00,9,150,3
2018-02-28 21:00:00,12,146,4
2018-02-28 22:00:00,10,150,3
2018-02-28 22:00:00,20,244,4
2018-02-28 23:00:00,11,204,3
2018-02-28 23:00:00,20,222,4
2018-03-01 00:00:00,16,1228,3
2018-03-01 00:00:00,14,1170,4
2018-03-01 01:00:00,18,224,3
2018-03-01 01:00:00,13,314,4
2018-03-01 02:00:00,15,198,3
2018-03-01 02:00:00,5,7144,4
2018-03-01 03:00:00,19,314,3
2018-03-01 04:00:00,11,178,3
2018-03-01 04:00:00,1,9476,4
2018-03-01 05:00:00,11,142,3
2018-03-01 06:00:00,29,386,3
2018-03-01 06:00:00,1,1592,4
2018-03-01 07:00:00,69,978,3
2018-03-01 07:00:00,33,690,4
2018-03-01 08:00:00,32,582,3
2018-03-01 08:00:00,23,342,4
2018-03-01 09:00:00,12,244,3
2018-03-01 09:00:00,21,308,4
2018-03-01 10:00:00,20,680,3
2018-03-01 10:00:00,25,264,4
2018-03-01 11:00:00,28,394,3
2018-03-01 11:00:00,13,134,4
2018-03-01 12:00:00,25,1120,3
2018-03-01 12:00:00,19,624,4
2018-03-01 13:00:00,1,4028,3
2018-03-01 13:00:00,36,1614,4
2018-03-01 14:00:00,3,3064,3
2018-03-01 14:00:00,22,518,4
2018-03-01 15:00:00,46,1396,3
2018-03-01 15:00:00,44,656,4
2018-03-01 16:00:00,12,144,3
2018-03-01 16:00:00,31,644,4
2018-03-01 17:00:00,15,346,3
2018-03-01 17:00:00,11,124,4
2018-03-01 18:00:00,16,196,3
2018-03-01 18:00:00,19,194,4
2018-03-01 19:00:00,34,300,3
2018-03-01 19:00:00,17,510,4
2018-03-01 20:00:00,32,1556,3
2018-03-01 20:00:00,18,174,4
2018-03-01 21:00:00,28,306,3
2018-03-01 21:00:00,17,172,4
2018-03-01 22:00:00,18,262,3
2018-03-01 22:00:00,12,566,4
2018-03-01 23:00:00,40,462,3
2018-03-01 23:00:00,18,254,4
2018-03-02 00:00:00,21,254,3
2018-03-02 00:00:00,11,214,4
2018-03-02 01:00:00,39,352,3
2018-03-02 01:00:00,23,334,4
2018-03-02 02:00:00,27,224,3
2018-03-02 02:00:00,22,344,4
2018-03-02 03:00:00,17,188,3
2018-03-02 03:00:00,19,326,4
2018-03-02 04:00:00,20,308,3
2018-03-02 04:00:00,13,380,4
2018-03-02 05:00:00,18,330,3
2018-03-02 05:00:00,26,248,4
2018-03-02 06:00:00,24,350,3
2018-03-02 06:00:00,29,388,4
2018-03-02 07:00:00,37,466,3
2018-03-02 07:00:00,29,510,4
2018-03-02 08:00:00,20,352,3
2018-03-02 08:00:00,11,242,4
2018-03-02 09:00:00,18,288,3
2018-03-02 09:00:00,31,336,4
2018-03-02 10:00:00,18,214,3
2018-03-02 10:00:00,26,276,4
2018-03-02 11:00:00,22,276,3
2018-03-02 11:00:00,35,384,4
2018-03-02 12:00:00,18,1888,3
2018-03-02 12:00:00,21,182,4
2018-03-02 13:00:00,13,2762,3
2018-03-02 13:00:00,37,332,4
2018-03-02 14:00:00,33,206,3
2018-03-02 14:00:00,30,366,4
2018-03-02 15:00:00,29,284,3
2018-03-02 15:00:00,26,298,4
2018-03-02 16:00:00,23,196,3
2018-03-02 16:00:00,34,434,4
2018-03-02 17:00:00,13,150,3
2018-03-02 17:00:00,29,2704,4
2018-03-02 18:00:00,29,262,3
2018-03-02 18:00:00,13,170,4
2018-03-02 19:00:00,13,212,3
2018-03-02 19:00:00,33,308,4
2018-03-02 20:00:00,18,414,3
2018-03-02 20:00:00,16,156,4
2018-03-02 21:00:00,16,50178,3
2018-03-02 21:00:00,39,348,4
2018-03-02 22:00:00,11,80,4
2018-03-02 23:00:00,24,392,4
2018-03-03 00:00:00,26,250,4
2018-03-03 01:00:00,30,222,4
2018-03-03 02:00:00,33,216,4
2018-03-03 03:00:00,23,134,4
2018-03-03 04:00:00,26,300,4
2018-03-03 05:00:00,20,196,4
2018-03-03 06:00:00,37,360,4
2018-03-03 07:00:00,41,596,4
2018-03-03 08:00:00,29,328,4
2018-03-03 09:00:00,40,654,4
2018-03-03 10:00:00,31,510,4
2018-03-03 11:00:00,3,108594,3
2018-03-03 11:00:00,21,106930,4
2018-03-04 17:00:00,12,130,3
2018-03-04 17:00:00,31,442,4
2018-03-04 18:00:00,63,492,3
2018-03-04 18:00:00,46,454,4
2018-03-04 19:00:00,89,1404,3
2018-03-04 19:00:00,28,264,4
2018-03-04 20:00:00,23,7496,3
2018-03-04 20:00:00,35,254,4
2018-03-04 21:00:00,20,194,4
2018-03-04 22:00:00,6,640,3
2018-03-04 22:00:00,27,816,4
2018-03-04 23:00:00,25,2654,3
2018-03-04 23:00:00,22,298,4
2018-03-05 00:00:00,21,1022,3
2018-03-05 00:00:00,29,1210,4
2018-03-05 01:00:00,25,286,3
2018-03-05 01:00:00,24,206,4
2018-03-05 02:00:00,11,202,3
2018-03-05 02:00:00,28,614,4
2018-03-05 03:00:00,26,260,3
2018-03-05 03:00:00,27,392,4
2018-03-05 04:00:00,13,198,3
2018-03-05 04:00:00,25,766,4
2018-03-05 05:00:00,32,372,3
2018-03-05 05:00:00,29,470,4
2018-03-05 06:00:00,27,202,3
2018-03-05 06:00:00,50,1774,4
2018-03-05 07:00:00,13,174,3
2018-03-05 07:00:00,32,544,4
2018-03-05 08:00:00,17,202,3
2018-03-05 08:00:00,36,502,4
2018-03-05 09:00:00,15,122,3
2018-03-05 09:00:00,35,1016,4
2018-03-05 10:00:00,20,222,3
2018-03-05 10:00:00,31,1666,4
2018-03-05 11:00:00,20,198,3
2018-03-05 11:00:00,44,876,4
2018-03-05 12:00:00,37,638,3
2018-03-05 12:00:00,13,4430,4
2018-03-05 13:00:00,21,214,3
2018-03-05 13:00:00,34,1316,4
2018-03-05 14:00:00,15,2780,3
2018-03-05 14:00:00,41,2324,4
2018-03-05 15:00:00,32,506,3
2018-03-05 15:00:00,38,562,4
2018-03-05 16:00:00,33,280,3
2018-03-05 16:00:00,24,1494,4
2018-03-05 17:00:00,30,392,3
2018-03-05 17:00:00,24,236,4
2018-03-05 18:00:00,24,258,3
2018-03-05 18:00:00,54,520,4
2018-03-05 19:00:00,12,228,3
2018-03-05 19:00:00,31,796,4
2018-03-05 20:00:00,16,228,3
2018-03-05 20:00:00,18,154,4
2018-03-05 21:00:00,19,238,3
2018-03-05 21:00:00,30,244,4
2018-03-05 22:00:00,16,402,3
2018-03-05 22:00:00,33,262,4
2018-03-05 23:00:00,20,344,3
2018-03-05 23:00:00,25,320,4
2018-03-06 00:00:00,19,1326,3
2018-03-06 00:00:00,24,1856,4
2018-03-06 01:00:00,21,2302,3
2018-03-06 01:00:00,27,216,4
2018-03-06 02:00:00,6,614,3
2018-03-06 02:00:00,22,406,4
2018-03-06 03:00:00,11,138,3
2018-03-06 03:00:00,50,544,4
2018-03-06 04:00:00,6,84,3
2018-03-06 04:00:00,19,228,4
2018-03-06 05:00:00,33,1340,3
2018-03-06 05:00:00,37,5240,4
2018-03-06 06:00:00,15,158,3
2018-03-06 07:00:00,22,218,3
2018-03-06 07:00:00,17,2544,4
2018-03-06 08:00:00,26,232,3
2018-03-06 08:00:00,2,5634,4
2018-03-06 09:00:00,15,558,3
2018-03-06 09:00:00,17,566,4
2018-03-06 10:00:00,13,238,3
2018-03-06 10:00:00,25,924,4
2018-03-06 11:00:00,17,190,3
2018-03-06 11:00:00,21,224,4
2018-03-06 12:00:00,23,218,3
2018-03-06 12:00:00,30,360,4
2018-03-06 13:00:00,18,352,3
2018-03-06 13:00:00,33,380,4
2018-03-06 14:00:00,19,190,3
2018-03-06 14:00:00,20,2340,4
2018-03-06 15:00:00,18,176,3
2018-03-06 15:00:00,29,342,4
2018-03-06 16:00:00,20,258,3
2018-03-06 16:00:00,25,230,4
2018-03-06 17:00:00,25,220,3
2018-03-06 17:00:00,19,296,4
2018-03-06 18:00:00,13,202,3
2018-03-06 18:00:00,29,496,4
2018-03-06 19:00:00,21,908,3
2018-03-06 19:00:00,22,1214,4
2018-03-06 20:00:00,1,128870,3
2018-03-06 20:00:00,1,131058,4
2018-03-08 07:00:00,2,6,3
2018-03-08 08:00:00,8,96,3
2018-03-08 08:00:00,1,3010,4
2018-03-08 09:00:00,17,288,3
2018-03-08 09:00:00,47,400,4
2018-03-08 10:00:00,27,4282,3
2018-03-08 10:00:00,14,198,4
2018-03-08 11:00:00,1,866,3
2018-03-08 11:00:00,18,230,4
2018-03-08 12:00:00,9,1990,3
2018-03-08 12:00:00,13,154,4
2018-03-08 13:00:00,23,172,3
2018-03-08 13:00:00,60,1322,4
2018-03-08 14:00:00,11,1124,3
2018-03-08 14:00:00,22,370,4
2018-03-08 15:00:00,21,346,3
2018-03-08 15:00:00,20,1284,4
2018-03-08 16:00:00,21,240,3
2018-03-08 16:00:00,25,230,4
2018-03-08 17:00:00,28,362,3
2018-03-08 17:00:00,20,288,4
2018-03-08 18:00:00,41,542,3
2018-03-08 18:00:00,21,266,4
2018-03-08 19:00:00,14,394,3
2018-03-08 19:00:00,20,316,4
2018-03-08 20:00:00,20,2896,3
2018-03-08 20:00:00,25,496,4
2018-03-08 21:00:00,30,850,3
2018-03-08 21:00:00,19,474,4
2018-03-08 22:00:00,20,216,3
2018-03-08 22:00:00,49,490,4
2018-03-08 23:00:00,30,294,3
2018-03-08 23:00:00,24,362,4
2018-03-09 00:00:00,14,154,3
2018-03-09 00:00:00,21,418,4
2018-03-09 01:00:00,32,1198,3
2018-03-09 01:00:00,39,464,4
2018-03-09 02:00:00,21,292,3
2018-03-09 02:00:00,42,406,4
2018-03-09 03:00:00,22,602,3
2018-03-09 03:00:00,16,246,4
2018-03-09 04:00:00,27,424,3
2018-03-09 04:00:00,34,450,4
2018-03-09 05:00:00,24,688,3
2018-03-09 05:00:00,31,342,4
2018-03-09 06:00:00,18,364,3
2018-03-09 06:00:00,12,11770,4
2018-03-09 07:00:00,21,256,3
2018-03-09 08:00:00,22,214,3
2018-03-09 09:00:00,1,2,3
2018-03-09 09:00:00,4,9182,4
2018-03-09 11:00:00,26,400,3
2018-03-09 11:00:00,1,3522,4
2018-03-09 12:00:00,26,368,3
2018-03-09 12:00:00,1,7022,4
2018-03-09 13:00:00,36,318,3
2018-03-09 14:00:00,30,334,3
2018-03-09 14:00:00,1,3376,4
2018-03-09 15:00:00,15,194,3
2018-03-09 15:00:00,3,900,4
2018-03-09 16:00:00,16,426,3
2018-03-09 16:00:00,5,3256,4
2018-03-09 17:00:00,21,484,3
2018-03-09 17:00:00,44,1248,4
2018-03-09 18:00:00,23,292,3
2018-03-09 18:00:00,65,820,4
2018-03-09 19:00:00,20,776,3
2018-03-09 19:00:00,44,2070,4
2018-03-09 20:00:00,12,6210,3
2018-03-09 20:00:00,51,1506,4
2018-03-09 21:00:00,43,1526,4
2018-03-09 22:00:00,18,2570,3
2018-03-09 22:00:00,59,1740,4
2018-03-09 23:00:00,23,992,3
2018-03-09 23:00:00,44,1388,4
2018-03-10 00:00:00,28,418,3
2018-03-10 00:00:00,8,2992,4
2018-03-10 01:00:00,14,218,3
2018-03-10 01:00:00,23,898,4
2018-03-10 02:00:00,7,90,3
2018-03-10 02:00:00,15,166,4
2018-03-10 03:00:00,14,2014,3
2018-03-10 03:00:00,18,398,4
2018-03-10 04:00:00,18,524,3
2018-03-10 04:00:00,16,230,4
2018-03-10 05:00:00,34,322,3
2018-03-10 05:00:00,20,158,4
2018-03-10 06:00:00,23,220,3
2018-03-10 06:00:00,21,346,4
2018-03-10 07:00:00,39,526,3
2018-03-10 07:00:00,14,148,4
2018-03-10 08:00:00,39,440,3
2018-03-10 08:00:00,13,100,4
2018-03-10 09:00:00,17,138,3
2018-03-10 09:00:00,26,376,4
2018-03-10 10:00:00,12,240,3
2018-03-10 10:00:00,33,342,4
2018-03-10 11:00:00,20,1038,3
2018-03-10 11:00:00,28,396,4
2018-03-10 12:00:00,28,404,3
2018-03-10 12:00:00,29,580,4
2018-03-10 13:00:00,57,498,3
2018-03-10 13:00:00,14,146,4
2018-03-10 14:00:00,32,312,3
2018-03-10 15:00:00,13,2924,3
2018-03-10 16:00:00,40,674,3
2018-03-10 17:00:00,35,736,3
2018-03-10 18:00:00,10,224,3
2018-03-10 19:00:00,13,354,3
2018-03-10 20:00:00,37,428,3
2018-03-10 20:00:00,26,250,4
2018-03-10 21:00:00,31,356,3
2018-03-10 21:00:00,21,238,4
2018-03-10 22:00:00,30,530,3
2018-03-10 22:00:00,10,146,4
2018-03-10 23:00:00,17,274,3
2018-03-10 23:00:00,20,372,4
2018-03-11 00:00:00,13,640,3
2018-03-11 00:00:00,28,458,4
2018-03-11 01:00:00,13,194,3
2018-03-11 01:00:00,13,156,4
2018-03-11 02:00:00,8,188,3
2018-03-11 02:00:00,25,554,4
2018-03-11 03:00:00,20,216,3
2018-03-11 03:00:00,11,2064,4
2018-03-11 04:00:00,15,294,3
2018-03-11 04:00:00,23,192,4
2018-03-11 05:00:00,22,2334,3
2018-03-11 05:00:00,27,408,4
2018-03-11 06:00:00,15,260,3
2018-03-11 06:00:00,34,226,4
2018-03-11 07:00:00,10,174,3
2018-03-11 07:00:00,9,284,4
2018-03-11 08:00:00,13,242,3
2018-03-11 08:00:00,23,342,4
2018-03-11 09:00:00,15,430,3
2018-03-11 09:00:00,18,456,4
2018-03-11 10:00:00,29,462,3
2018-03-11 10:00:00,17,244,4
2018-03-11 11:00:00,19,458,3
2018-03-11 11:00:00,30,320,4
2018-03-11 12:00:00,15,184,3
2018-03-11 12:00:00,35,434,4
2018-03-11 13:00:00,19,206,3
2018-03-11 13:00:00,29,2856,4
2018-03-11 14:00:00,12,118,3
2018-03-11 14:00:00,17,504,4
2018-03-11 15:00:00,21,870,3
2018-03-11 15:00:00,28,600,4
2018-03-11 16:00:00,27,448,3
2018-03-11 16:00:00,25,228,4
2018-03-11 17:00:00,31,508,3
2018-03-11 17:00:00,20,450,4
2018-03-11 18:00:00,23,320,3
2018-03-11 18:00:00,9,340,4
2018-03-11 19:00:00,19,376,3
2018-03-11 19:00:00,14,184,4
2018-03-11 20:00:00,16,240,3
2018-03-11 20:00:00,15,126,4
2018-03-11 21:00:00,30,372,3
2018-03-11 21:00:00,18,156,4
2018-03-11 22:00:00,18,402,3
2018-03-11 22:00:00,18,206,4
2018-03-11 23:00:00,19,304,3
2018-03-11 23:00:00,24,368,4
2018-03-12 00:00:00,8,156,3
2018-03-12 00:00:00,18,228,4
2018-03-12 01:00:00,26,228,3
2018-03-12 01:00:00,29,210,4
2018-03-12 02:00:00,10,110,3
2018-03-12 02:00:00,19,198,4
2018-03-12 03:00:00,20,348,3
2018-03-12 03:00:00,32,238,4
2018-03-12 04:00:00,22,338,3
2018-03-12 04:00:00,25,188,4
2018-03-12 05:00:00,15,170,3
2018-03-12 05:00:00,46,2912,4
2018-03-12 06:00:00,10,122,3
2018-03-12 06:00:00,21,226,4
2018-03-12 07:00:00,29,752,3
2018-03-12 07:00:00,15,666,4
2018-03-12 08:00:00,63,674,3
2018-03-12 08:00:00,18,114,4
2018-03-12 09:00:00,45,1980,3
2018-03-12 09:00:00,6,46,4
2018-03-12 10:00:00,22,1060,3
2018-03-12 10:00:00,18,780,4
2018-03-12 11:00:00,16,192,3
2018-03-12 11:00:00,8,360,4
2018-03-12 12:00:00,44,284,3
2018-03-12 12:00:00,23,186,4
2018-03-12 13:00:00,21,6038,3
2018-03-12 13:00:00,12,206,4
2018-03-12 14:00:00,25,418,4
2018-03-12 15:00:00,3,4992,3
2018-03-12 15:00:00,25,272,4
2018-03-12 16:00:00,5,1668,3
2018-03-12 16:00:00,29,270,4
2018-03-12 17:00:00,56,366,3
2018-03-12 17:00:00,20,282,4
2018-03-12 18:00:00,21,152,3
2018-03-12 18:00:00,16,216,4
2018-03-12 19:00:00,74,898,3
2018-03-12 19:00:00,39,742,4
2018-03-12 20:00:00,51,418,3
2018-03-12 20:00:00,21,164,4
2018-03-12 21:00:00,35,442,3
2018-03-12 21:00:00,23,224,4
2018-03-12 22:00:00,35,504,3
2018-03-12 22:00:00,28,414,4
2018-03-12 23:00:00,27,336,3
2018-03-12 23:00:00,33,342,4
2018-03-13 00:00:00,27,248,3
2018-03-13 00:00:00,25,220,4
2018-03-13 01:00:00,29,862,3
2018-03-13 01:00:00,23,376,4
2018-03-13 02:00:00,26,242,3
2018-03-13 02:00:00,35,442,4
2018-03-13 03:00:00,24,244,3
2018-03-13 03:00:00,46,484,4
2018-03-13 04:00:00,25,234,3
2018-03-13 04:00:00,26,286,4
2018-03-13 05:00:00,36,482,3
2018-03-13 05:00:00,31,430,4
2018-03-13 06:00:00,24,1558,3
2018-03-13 06:00:00,38,1554,4
2018-03-13 07:00:00,23,484,3
2018-03-13 07:00:00,20,306,4
2018-03-13 08:00:00,36,608,3
2018-03-13 08:00:00,30,404,4
2018-03-13 09:00:00,42,410,3
2018-03-13 09:00:00,17,206,4
2018-03-13 10:00:00,21,220,3
2018-03-13 10:00:00,31,908,4
2018-03-13 11:00:00,15,198,3
2018-03-13 11:00:00,22,214,4
2018-03-13 12:00:00,28,298,3
2018-03-13 12:00:00,25,318,4
2018-03-13 13:00:00,21,102,3
2018-03-13 13:00:00,7,9904,4
2018-03-13 14:00:00,22,186,3
2018-03-13 15:00:00,23,328,3
2018-03-13 15:00:00,1,1868,4
2018-03-13 16:00:00,23,416,3
2018-03-13 16:00:00,26,2054,4
2018-03-13 17:00:00,13,276,3
2018-03-13 17:00:00,50,750,4
2018-03-13 18:00:00,27,392,3
2018-03-13 18:00:00,27,340,4
2018-03-13 19:00:00,27,450,3
2018-03-13 19:00:00,29,396,4
2018-03-13 20:00:00,20,162,3
2018-03-13 20:00:00,17,134,4
2018-03-13 21:00:00,20,170,3
2018-03-13 21:00:00,20,154,4
2018-03-13 22:00:00,21,318,3
2018-03-13 22:00:00,27,330,4
2018-03-13 23:00:00,38,718,3
2018-03-13 23:00:00,38,526,4
2018-03-14 00:00:00,14,328,3
2018-03-14 00:00:00,19,2174,4
2018-03-14 01:00:00,40,1728,3
2018-03-14 01:00:00,20,2082,4
2018-03-14 02:00:00,19,260,3
2018-03-14 02:00:00,25,230,4
2018-03-14 03:00:00,21,220,3
2018-03-14 03:00:00,17,166,4
2018-03-14 04:00:00,14,168,3
2018-03-14 04:00:00,28,328,4
2018-03-14 05:00:00,6,42,3
2018-03-14 05:00:00,34,354,4
2018-03-14 06:00:00,18,154,3
2018-03-14 06:00:00,26,560,4
2018-03-14 07:00:00,17,280,3
2018-03-14 07:00:00,15,140,4
2018-03-14 08:00:00,18,98,3
2018-03-14 08:00:00,38,276,4
2018-03-14 09:00:00,28,358,3
2018-03-14 09:00:00,24,326,4
2018-03-14 10:00:00,12,174,3
2018-03-14 10:00:00,25,358,4
2018-03-14 11:00:00,22,840,3
2018-03-14 11:00:00,5,82,4
2018-03-14 12:00:00,24,336,3
2018-03-14 12:00:00,10,128,4
2018-03-14 13:00:00,15,244,3
2018-03-14 13:00:00,20,316,4
2018-03-14 14:00:00,28,388,3
2018-03-14 14:00:00,23,324,4
2018-03-14 15:00:00,23,254,3
2018-03-14 15:00:00,9,174,4
2018-03-14 16:00:00,28,4952,3
2018-03-14 16:00:00,10,186,4
2018-03-14 17:00:00,1,2178,3
2018-03-14 17:00:00,21,240,4
2018-03-14 18:00:00,1,1996,3
2018-03-14 18:00:00,25,166,4
2018-03-14 19:00:00,25,852,3
2018-03-14 19:00:00,24,188,4
2018-03-14 20:00:00,12,506,3
2018-03-14 20:00:00,16,164,4
2018-03-14 21:00:00,20,262,3
2018-03-14 21:00:00,15,206,4
2018-03-14 22:00:00,24,344,3
2018-03-14 22:00:00,25,286,4
2018-03-14 23:00:00,29,286,3
2018-03-14 23:00:00,15,100,4
2018-03-15 00:00:00,28,296,3
2018-03-15 00:00:00,26,284,4
2018-03-15 01:00:00,13,114,3
2018-03-15 01:00:00,26,296,4
2018-03-15 02:00:00,42,428,3
2018-03-15 02:00:00,28,250,4
2018-03-15 03:00:00,32,272,3
2018-03-15 03:00:00,8,146,4
2018-03-15 04:00:00,38,606,3
2018-03-15 04:00:00,41,568,4
2018-03-15 05:00:00,11,142,3
2018-03-15 05:00:00,8,84,4
2018-03-15 06:00:00,14,158,3
2018-03-15 06:00:00,15,212,4
2018-03-15 07:00:00,37,512,3
2018-03-15 07:00:00,58,2862,4
2018-03-15 08:00:00,32,444,3
2018-03-15 08:00:00,30,566,4
2018-03-15 09:00:00,31,372,3
2018-03-15 09:00:00,21,24342,4
2018-03-15 10:00:00,37,2138,3
2018-03-15 11:00:00,8,4702,3
2018-03-15 12:00:00,2,5556,3
2018-03-15 14:00:00,2,22956,3
2018-03-15 16:00:00,27,1638,4
2018-03-15 17:00:00,39,1568,4
2018-03-15 18:00:00,23,118,4
2018-03-15 19:00:00,12,206,4
2018-03-15 20:00:00,2,5362,3
2018-03-15 20:00:00,14,94,4
2018-03-15 21:00:00,1,10428,3
2018-03-15 21:00:00,23,176,4
2018-03-15 22:00:00,24,234,4
2018-03-15 23:00:00,40,674,4
2018-03-16 00:00:00,3,666,3
2018-03-16 00:00:00,45,200,4
2018-03-16 01:00:00,18,2196,3
2018-03-16 01:00:00,9,116,4
2018-03-16 02:00:00,44,456,3
2018-03-16 02:00:00,22,118,4
2018-03-16 03:00:00,21,328,3
2018-03-16 03:00:00,20,342,4
2018-03-16 04:00:00,17,224,3
2018-03-16 04:00:00,12,114,4
2018-03-16 05:00:00,23,212,3
2018-03-16 05:00:00,19,180,4
2018-03-16 06:00:00,20,280,3
2018-03-16 06:00:00,15,122,4
2018-03-16 07:00:00,11,180,3
2018-03-16 07:00:00,10,38,4
2018-03-16 08:00:00,9,60,3
2018-03-16 08:00:00,8,40,4
2018-03-16 09:00:00,25,1274,3
2018-03-16 09:00:00,15,98,4
2018-03-16 10:00:00,26,592,3
2018-03-16 10:00:00,12,84,4
2018-03-16 11:00:00,18,300,3
2018-03-16 11:00:00,20,130,4
2018-03-16 12:00:00,19,324,3
2018-03-16 12:00:00,7,56,4
2018-03-16 13:00:00,16,174,3
2018-03-16 13:00:00,20,194,4
2018-03-16 14:00:00,25,152,3
2018-03-16 14:00:00,14,92,4
2018-03-16 15:00:00,20,268,3
2018-03-16 15:00:00,23,192,4
2018-03-16 16:00:00,32,292,3
2018-03-16 16:00:00,8,134,4
2018-03-16 17:00:00,26,278,3
2018-03-16 17:00:00,28,272,4
2018-03-16 18:00:00,22,338,3
2018-03-16 18:00:00,14,222,4
2018-03-16 19:00:00,15,376,3
2018-03-16 19:00:00,14,110,4
2018-03-16 20:00:00,17,174,3
2018-03-16 20:00:00,7,182,4
2018-03-16 21:00:00,23,292,3
2018-03-16 21:00:00,12,156,4
2018-03-16 22:00:00,13,182,3
2018-03-16 22:00:00,12,84,4
2018-03-16 23:00:00,16,210,3
2018-03-16 23:00:00,6,62,4
2018-03-17 00:00:00,15,122,3
2018-03-17 00:00:00,16,334,4
2018-03-17 01:00:00,22,304,3
2018-03-17 01:00:00,26,298,4
2018-03-17 02:00:00,18,166,3
2018-03-17 02:00:00,14,128,4
2018-03-17 03:00:00,15,188,3
2018-03-17 03:00:00,16,84,4
2018-03-17 04:00:00,8,80,3
2018-03-17 04:00:00,24,136,4
2018-03-17 05:00:00,21,220,3
2018-03-17 05:00:00,22,230,4
2018-03-17 06:00:00,19,256,3
2018-03-17 06:00:00,17,158,4
2018-03-17 07:00:00,17,1750,3
2018-03-17 07:00:00,24,154,4
2018-03-17 08:00:00,13,192,3
2018-03-17 08:00:00,30,208,4
2018-03-17 09:00:00,28,392,3
2018-03-17 09:00:00,15,102,4
2018-03-17 10:00:00,16,262,3
2018-03-17 10:00:00,21,738,4
2018-03-17 11:00:00,8,246,3
2018-03-17 11:00:00,23,136,4
2018-03-17 12:00:00,19,264,3
2018-03-17 12:00:00,12,2074,4
2018-03-17 13:00:00,7,92,3
2018-03-17 13:00:00,4,1984,4
2018-03-17 14:00:00,16,314,3
2018-03-17 14:00:00,24,194,4
2018-03-17 15:00:00,16,186,3
2018-03-17 15:00:00,18,90,4
2018-03-17 16:00:00,18,122,3
2018-03-17 16:00:00,18,186,4
2018-03-17 17:00:00,14,170,3
2018-03-17 17:00:00,19,254,4
2018-03-17 18:00:00,9,64,3
2018-03-17 18:00:00,20,200,4
2018-03-17 19:00:00,9,124,3
2018-03-17 19:00:00,23,186,4
2018-03-17 20:00:00,11,110,3
2018-03-17 20:00:00,15,80,4
2018-03-17 21:00:00,8,946,3
2018-03-17 21:00:00,10,1092,4
2018-03-17 22:00:00,22,296,3
2018-03-17 22:00:00,25,294,4
2018-03-17 23:00:00,10,178,3
2018-03-17 23:00:00,49,244,4
2018-03-18 00:00:00,9,108,3
2018-03-18 00:00:00,13,136,4
2018-03-18 01:00:00,16,700,3
2018-03-18 01:00:00,22,208,4
2018-03-18 02:00:00,16,84,3
2018-03-18 02:00:00,15,130,4
2018-03-18 03:00:00,15,200,3
2018-03-18 03:00:00,14,112,4
2018-03-18 04:00:00,10,152,3
2018-03-18 04:00:00,8,82,4
2018-03-18 05:00:00,9,76,3
2018-03-18 05:00:00,9,44,4
2018-03-18 06:00:00,12,154,3
2018-03-18 06:00:00,31,288,4
2018-03-18 07:00:00,16,386,3
2018-03-18 07:00:00,22,106,4
2018-03-18 08:00:00,19,156,3
2018-03-18 08:00:00,6,82,4
2018-03-18 09:00:00,14,234,3
2018-03-18 09:00:00,7,86,4
2018-03-18 10:00:00,22,308,3
2018-03-18 10:00:00,5,30,4
2018-03-18 11:00:00,13,210,3
2018-03-18 11:00:00,9,74,4
2018-03-18 12:00:00,16,240,3
2018-03-18 12:00:00,7,66,4
2018-03-18 13:00:00,19,2122,3
2018-03-18 13:00:00,14,120,4
2018-03-18 14:00:00,22,628,3
2018-03-18 14:00:00,9,50,4
2018-03-18 15:00:00,12,218,3
2018-03-18 15:00:00,9,136,4
2018-03-18 16:00:00,13,138,3
2018-03-18 16:00:00,25,548,4
2018-03-18 17:00:00,21,288,3
2018-03-18 17:00:00,11,124,4
2018-03-18 18:00:00,19,398,3
2018-03-18 18:00:00,9,158,4
2018-03-18 19:00:00,8,110,3
2018-03-18 19:00:00,12,190,4
2018-03-18 20:00:00,19,410,3
2018-03-18 20:00:00,23,240,4
2018-03-18 21:00:00,21,268,3
2018-03-18 21:00:00,14,144,4
2018-03-18 22:00:00,18,1566,3
2018-03-18 22:00:00,16,232,4
2018-03-18 23:00:00,16,378,3
2018-03-18 23:00:00,32,216,4
2018-03-19 00:00:00,7,1966,3
2018-03-19 00:00:00,13,2126,4
2018-03-19 01:00:00,19,308,3
2018-03-19 01:00:00,13,116,4
2018-03-19 02:00:00,13,168,3
2018-03-19 02:00:00,18,144,4
2018-03-19 03:00:00,8,138,3
2018-03-19 03:00:00,12,204,4
2018-03-19 04:00:00,20,336,3
2018-03-19 04:00:00,12,114,4
2018-03-19 05:00:00,20,342,3
2018-03-19 05:00:00,8,100,4
2018-03-19 06:00:00,12,816,3
2018-03-19 06:00:00,23,142,4
2018-03-19 07:00:00,19,398,3
2018-03-19 07:00:00,13,96,4
2018-03-19 08:00:00,5,126,3
2018-03-19 08:00:00,5,46,4
2018-03-19 09:00:00,9,100,3
2018-03-19 09:00:00,14,128,4
2018-03-19 10:00:00,4,46,3
2018-03-19 10:00:00,14,3118,4
2018-03-19 11:00:00,12,308,3
2018-03-19 11:00:00,5,1228,4
2018-03-19 12:00:00,5,108,3
2018-03-19 12:00:00,6,130,4
2018-03-19 13:00:00,14,236,3
2018-03-19 13:00:00,7,52,4
2018-03-19 14:00:00,18,374,3
2018-03-19 14:00:00,21,226,4
2018-03-19 15:00:00,15,276,3
2018-03-19 15:00:00,26,292,4
2018-03-19 16:00:00,7,130,3
2018-03-19 16:00:00,19,178,4
2018-03-19 17:00:00,12,108,3
2018-03-19 17:00:00,1,20,4
2018-03-19 18:00:00,1,12,3
2018-03-19 20:00:00,2,24,3
2018-03-19 20:00:00,13,140,4
2018-03-20 00:00:00,13,262,3
2018-03-20 00:00:00,14,138,4
2018-03-20 01:00:00,10,236,3
2018-03-20 01:00:00,24,238,4
2018-03-20 02:00:00,40,464,3
2018-03-20 02:00:00,3,30,4
2018-03-20 03:00:00,9,2730,3
2018-03-20 03:00:00,16,264,4
2018-03-20 04:00:00,4,3626,3
2018-03-20 04:00:00,14,204,4
2018-03-20 05:00:00,1,34250,3
2018-03-20 05:00:00,39,522,4
2018-03-20 06:00:00,19,234,4
2018-03-20 07:00:00,24,272,4
2018-03-20 08:00:00,6,42,4
2018-03-20 09:00:00,34,456,4
2018-03-20 10:00:00,24,350,4
2018-03-20 11:00:00,21,392,4
2018-03-20 12:00:00,17,256,4
2018-03-20 13:00:00,38,564,4
2018-03-20 14:00:00,2,2498,3
2018-03-20 14:00:00,26,388,4
2018-03-20 15:00:00,14,886,3
2018-03-20 15:00:00,14,248,4
2018-03-20 16:00:00,8,154,3
2018-03-20 16:00:00,28,338,4
2018-03-20 17:00:00,5,110,3
2018-03-20 17:00:00,21,1046,4
2018-03-20 19:00:00,5,40,3
2018-03-20 19:00:00,6,82,4
2018-03-20 20:00:00,25,366,3
2018-03-20 20:00:00,9,118,4
2018-03-20 21:00:00,25,2906,3
2018-03-20 21:00:00,13,176,4
2018-03-20 22:00:00,2,1704,3
2018-03-20 22:00:00,13,122,4
2018-03-20 23:00:00,10,356,3
2018-03-20 23:00:00,6,52,4
2018-03-21 00:00:00,39,2384,3
2018-03-21 00:00:00,24,314,4
2018-03-21 01:00:00,47,1972,3
2018-03-21 01:00:00,20,394,4
2018-03-21 02:00:00,53,2052,3
2018-03-21 02:00:00,21,382,4
2018-03-21 03:00:00,21,192,3
2018-03-21 03:00:00,13,174,4
2018-03-21 04:00:00,22,366,3
2018-03-21 04:00:00,6,96,4
2018-03-21 05:00:00,19,352,3
2018-03-21 05:00:00,31,278,4
2018-03-21 06:00:00,21,324,3
2018-03-21 06:00:00,13,164,4
2018-03-21 07:00:00,30,732,3
2018-03-21 07:00:00,21,1678,4
2018-03-21 08:00:00,31,468,3
2018-03-21 09:00:00,36,6936,3
2018-03-21 09:00:00,1,5400,4
2018-03-21 11:00:00,11,78,3
2018-03-21 12:00:00,15,246,3
2018-03-21 12:00:00,2,13320,4
2018-03-21 13:00:00,15,186,3
2018-03-21 14:00:00,34,324,3
2018-03-21 15:00:00,33,5796,3
2018-03-21 15:00:00,1,5400,4
2018-03-21 17:00:00,22,710,3
2018-03-21 17:00:00,1,24480,4
2018-03-21 18:00:00,20,426,3
2018-03-21 19:00:00,34,286,3
2018-03-21 20:00:00,3,2446,3
2018-03-21 21:00:00,17,2922,3
2018-03-21 22:00:00,18,180,3
2018-03-21 23:00:00,2,28,3
2018-03-22 00:00:00,15,322,3
2018-03-22 00:00:00,1,2640,4
2018-03-22 01:00:00,17,252,3
2018-03-22 02:00:00,28,190,3
2018-03-22 03:00:00,22,346,3
2018-03-22 04:00:00,15,240,3
2018-03-22 05:00:00,19,216,3
2018-03-22 06:00:00,10,102,3
2018-03-22 07:00:00,7,70,3
2018-03-22 08:00:00,11,142,3
2018-03-22 09:00:00,10,146,3
2018-03-22 10:00:00,10,60,3
2018-03-22 11:00:00,6,110,3
2018-03-22 12:00:00,13,228,3
2018-03-22 13:00:00,13,320,3
2018-03-22 14:00:00,16,154,3
2018-03-22 15:00:00,12,100,3
2018-03-22 17:00:00,13,310,3
2018-03-22 18:00:00,10,206,3
2018-03-22 19:00:00,11,138,3
2018-03-22 20:00:00,24,2344,3
2018-03-22 21:00:00,14,414,3
2018-03-22 22:00:00,17,178,3
2018-03-22 23:00:00,11,76,3
2018-03-23 00:00:00,24,220,3
2018-03-23 00:00:00,1,2640,4
2018-03-23 01:00:00,13,126,3
2018-03-23 01:00:00,2,14,4
2018-03-23 02:00:00,21,332,3
2018-03-23 02:00:00,23,838,4
2018-03-23 03:00:00,14,154,3
2018-03-23 03:00:00,15,210,4
2018-03-23 04:00:00,22,336,3
2018-03-23 04:00:00,11,1464,4
2018-03-23 05:00:00,27,270,3
2018-03-23 05:00:00,8,114,4
2018-03-23 06:00:00,35,412,3
2018-03-23 06:00:00,10,342,4
2018-03-23 07:00:00,22,128,3
2018-03-23 07:00:00,13,166,4
2018-03-23 08:00:00,19,184,3
2018-03-23 08:00:00,14,122,4
2018-03-23 09:00:00,10,6846,3
2018-03-23 09:00:00,4,6840,4
2018-03-23 11:00:00,26,430,3
2018-03-23 11:00:00,18,338,4
2018-03-23 12:00:00,21,270,3
2018-03-23 12:00:00,4,34,4
2018-03-23 13:00:00,29,288,3
2018-03-23 13:00:00,4,128,4
2018-03-23 14:00:00,29,530,3
2018-03-23 14:00:00,19,310,4
2018-03-23 15:00:00,24,298,3
2018-03-23 15:00:00,17,298,4
2018-03-23 16:00:00,22,314,3
2018-03-23 16:00:00,29,168,4
2018-03-23 17:00:00,27,420,3
2018-03-23 17:00:00,19,284,4
2018-03-23 18:00:00,28,194,3
2018-03-23 18:00:00,22,134,4
2018-03-23 19:00:00,18,216,3
2018-03-23 19:00:00,11,108,4
2018-03-23 20:00:00,31,482,3
2018-03-23 20:00:00,25,364,4
2018-03-23 21:00:00,23,352,3
2018-03-23 21:00:00,7,182,4
2018-03-23 22:00:00,22,1512,3
2018-03-23 22:00:00,11,1392,4
2018-03-23 23:00:00,17,2936,3
2018-03-23 23:00:00,8,156,4
2018-03-24 00:00:00,23,1722,3
2018-03-24 00:00:00,19,406,4
2018-03-24 01:00:00,19,190,3
2018-03-24 01:00:00,14,300,4
2018-03-24 02:00:00,16,274,3
2018-03-24 02:00:00,22,646,4
2018-03-24 03:00:00,9,110,3
2018-03-24 03:00:00,10,186,4
2018-03-24 04:00:00,18,234,3
2018-03-24 04:00:00,27,392,4
2018-03-24 05:00:00,12,148,3
2018-03-24 05:00:00,37,656,4
2018-03-24 06:00:00,19,380,3
2018-03-24 06:00:00,42,410,4
2018-03-24 07:00:00,24,260,3
2018-03-24 07:00:00,33,1332,4
2018-03-24 08:00:00,12,142,3
2018-03-24 08:00:00,18,236,4
2018-03-24 09:00:00,9,108,3
2018-03-24 09:00:00,49,1290,4
2018-03-24 10:00:00,14,76,3
2018-03-24 10:00:00,18,2364,4
2018-03-24 11:00:00,18,188,3
2018-03-24 11:00:00,2,22,4
2018-03-24 12:00:00,17,168,3
2018-03-24 12:00:00,5,68,4
2018-03-24 13:00:00,13,1166,3
2018-03-24 13:00:00,11,190,4
2018-03-24 14:00:00,10,2766,3
2018-03-24 14:00:00,25,304,4
2018-03-24 15:00:00,6,80,3
2018-03-24 15:00:00,18,2532,4
2018-03-24 16:00:00,13,122,3
2018-03-24 16:00:00,2,6112,4
2018-03-24 17:00:00,4,18,3
2018-03-24 18:00:00,28,420,3
2018-03-24 18:00:00,28,860,4
2018-03-24 19:00:00,71,1012,3
2018-03-24 19:00:00,11,216,4
2018-03-24 20:00:00,14,1958,3
2018-03-24 20:00:00,11,118,4
2018-03-24 21:00:00,17,270,3
2018-03-24 21:00:00,22,1920,4
2018-03-24 22:00:00,9,138,3
2018-03-24 22:00:00,12,590,4
2018-03-24 23:00:00,19,410,3
2018-03-24 23:00:00,7,94,4
2018-03-25 00:00:00,11,234,3
2018-03-25 00:00:00,13,142,4
2018-03-25 01:00:00,6,36,3
2018-03-25 01:00:00,19,146,4
2018-03-25 02:00:00,4,32,3
2018-03-25 02:00:00,11,132,4
2018-03-25 03:00:00,12,180,3
2018-03-25 03:00:00,7,94,4
2018-03-25 04:00:00,8,100,3
2018-03-25 04:00:00,8,88,4
2018-03-25 05:00:00,11,308,3
2018-03-25 05:00:00,5,24,4
2018-03-25 06:00:00,9,134,3
2018-03-25 06:00:00,6,30,4
2018-03-25 07:00:00,12,170,3
2018-03-25 07:00:00,32,684,4
2018-03-25 08:00:00,11,164,3
2018-03-25 08:00:00,19,292,4
2018-03-25 09:00:00,5,40,3
2018-03-25 09:00:00,16,166,4
2018-03-25 10:00:00,8,56,3
2018-03-25 10:00:00,18,104,4
2018-03-25 11:00:00,12,104,3
2018-03-25 11:00:00,9,36,4
2018-03-25 12:00:00,11,124,3
2018-03-25 12:00:00,19,192,4
2018-03-25 13:00:00,14,232,3
2018-03-25 13:00:00,17,202,4
2018-03-25 14:00:00,13,186,3
2018-03-25 14:00:00,9,218,4
2018-03-25 15:00:00,6,92,3
2018-03-25 15:00:00,22,322,4
2018-03-25 16:00:00,11,176,3
2018-03-25 16:00:00,15,226,4
2018-03-25 17:00:00,14,90,3
2018-03-25 17:00:00,14,136,4
2018-03-25 18:00:00,16,144,3
2018-03-25 18:00:00,14,110,4
2018-03-25 19:00:00,9,184,3
2018-03-25 19:00:00,16,218,4
2018-03-25 20:00:00,14,124,3
2018-03-25 20:00:00,15,138,4
2018-03-25 21:00:00,9,172,3
2018-03-25 21:00:00,12,186,4
2018-03-25 22:00:00,15,1542,3
2018-03-25 22:00:00,16,158,4
2018-03-25 23:00:00,19,382,3
2018-03-25 23:00:00,10,140,4
2018-03-26 00:00:00,46,1192,3
2018-03-26 00:00:00,14,378,4
2018-03-26 01:00:00,14,146,3
2018-03-26 01:00:00,21,242,4
2018-03-26 02:00:00,20,342,3
2018-03-26 02:00:00,15,2334,4
2018-03-26 03:00:00,16,156,3
2018-03-26 03:00:00,11,680,4
2018-03-26 04:00:00,12,74,3
2018-03-26 04:00:00,7,76,4
2018-03-26 05:00:00,13,286,3
2018-03-26 05:00:00,21,444,4
2018-03-26 06:00:00,12,224,3
2018-03-26 06:00:00,29,226,4
2018-03-26 07:00:00,19,274,3
2018-03-26 07:00:00,23,112,4
2018-03-26 08:00:00,18,248,3
2018-03-26 08:00:00,10,86,4
2018-03-26 09:00:00,21,444,3
2018-03-26 09:00:00,22,302,4
2018-03-26 10:00:00,15,212,3
2018-03-26 10:00:00,7,42,4
2018-03-26 11:00:00,11,152,3
2018-03-26 11:00:00,8,140,4
2018-03-26 12:00:00,4,42,3
2018-03-26 12:00:00,25,786,4
2018-03-26 13:00:00,7,74,3
2018-03-26 13:00:00,11,90,4
2018-03-26 14:00:00,12,132,3
2018-03-26 14:00:00,18,152,4
2018-03-26 15:00:00,13,172,3
2018-03-26 15:00:00,19,166,4
2018-03-26 16:00:00,19,330,3
2018-03-26 16:00:00,6,128,4
2018-03-26 17:00:00,33,498,3
2018-03-26 17:00:00,13,252,4
2018-03-26 18:00:00,14,3934,3
2018-03-26 18:00:00,14,154,4
2018-03-26 19:00:00,14,942,3
2018-03-26 19:00:00,9,116,4
2018-03-26 20:00:00,14,154,3
2018-03-26 20:00:00,5,90,4
2018-03-26 21:00:00,14,132,3
2018-03-26 21:00:00,11,118,4
2018-03-26 22:00:00,9,152,3
2018-03-26 22:00:00,10,96,4
2018-03-26 23:00:00,17,386,3
2018-03-26 23:00:00,10,130,4
2018-03-27 00:00:00,29,382,3
2018-03-27 00:00:00,9,100,4
2018-03-27 01:00:00,16,342,3
2018-03-27 01:00:00,7,70,4
2018-03-27 02:00:00,18,224,3
2018-03-27 02:00:00,19,188,4
2018-03-27 03:00:00,21,292,3
2018-03-27 03:00:00,7,136,4
2018-03-27 04:00:00,23,214,3
2018-03-27 04:00:00,20,292,4
2018-03-27 05:00:00,27,1544,3
2018-03-27 05:00:00,16,206,4
2018-03-27 06:00:00,21,366,3
2018-03-27 06:00:00,16,204,4
2018-03-27 07:00:00,13,810,3
2018-03-27 07:00:00,9,116,4
2018-03-27 08:00:00,31,606,3
2018-03-27 08:00:00,22,186,4
2018-03-27 09:00:00,13,216,3
2018-03-27 09:00:00,7,112,4
2018-03-27 10:00:00,12,178,3
2018-03-27 10:00:00,22,302,4
2018-03-27 11:00:00,17,232,3
2018-03-27 11:00:00,5,50,4
2018-03-27 12:00:00,16,196,3
2018-03-27 12:00:00,8,134,4
2018-03-27 13:00:00,11,164,3
2018-03-27 13:00:00,13,224,4
2018-03-27 14:00:00,15,164,3
2018-03-27 14:00:00,8,430,4
2018-03-27 15:00:00,10,142,3
2018-03-27 15:00:00,5,30,4
2018-03-27 16:00:00,14,80,3
2018-03-27 16:00:00,14,100,4
2018-03-27 17:00:00,14,130,3
2018-03-27 17:00:00,7,68,4
2018-03-27 18:00:00,19,280,3
2018-03-27 18:00:00,4,22,4
2018-03-27 19:00:00,16,234,3
2018-03-27 19:00:00,10,50,4
2018-03-27 20:00:00,22,1896,3
2018-03-27 20:00:00,4,40,4
2018-03-27 21:00:00,9,70,3
2018-03-27 21:00:00,5,36,4
2018-03-27 22:00:00,19,228,3
2018-03-27 22:00:00,17,460,4
2018-03-27 23:00:00,16,170,3
2018-03-27 23:00:00,9,86,4
2018-03-28 00:00:00,11,242,3
2018-03-28 00:00:00,14,2234,4
2018-03-28 01:00:00,7,66,3
2018-03-28 01:00:00,7,98,4
2018-03-28 02:00:00,16,240,3
2018-03-28 02:00:00,15,84,4
2018-03-28 03:00:00,11,166,3
2018-03-28 03:00:00,11,98,4
2018-03-28 04:00:00,23,264,3
2018-03-28 04:00:00,20,228,4
2018-03-28 05:00:00,23,302,3
2018-03-28 05:00:00,13,212,4
2018-03-28 06:00:00,18,276,3
2018-03-28 06:00:00,16,180,4
2018-03-28 07:00:00,12,122,3
2018-03-28 07:00:00,22,370,4
2018-03-28 08:00:00,11,106,3
2018-03-28 08:00:00,12,1008,4
2018-03-28 09:00:00,8,150,3
2018-03-28 09:00:00,18,234,4
2018-03-28 10:00:00,19,4022,3
2018-03-28 10:00:00,18,484,4
2018-03-28 11:00:00,16,436,3
2018-03-28 11:00:00,16,536,4
2018-03-28 12:00:00,26,350,3
2018-03-28 12:00:00,10,2448,4
2018-03-28 13:00:00,20,278,3
2018-03-28 13:00:00,14,820,4
2018-03-28 14:00:00,12,1636,3
2018-03-28 14:00:00,24,1452,4
2018-03-28 15:00:00,8,86,3
2018-03-28 15:00:00,18,182,4
2018-03-28 16:00:00,14,108,3
2018-03-28 16:00:00,22,582,4
2018-03-28 17:00:00,11,92,3
2018-03-28 17:00:00,6,44,4
2018-03-28 18:00:00,9,124,3
2018-03-28 18:00:00,18,420,4
2018-03-28 19:00:00,14,118,3
2018-03-28 19:00:00,26,298,4
2018-03-28 20:00:00,16,100,3
2018-03-28 20:00:00,26,648,4
2018-03-28 21:00:00,14,170,3
2018-03-28 21:00:00,23,232,4
2018-03-28 22:00:00,8,114,3
2018-03-28 22:00:00,15,5916,4
2018-03-28 23:00:00,22,210,3
2018-03-28 23:00:00,1,1296,4
2018-03-29 00:00:00,15,300,3
2018-03-29 00:00:00,16,1206,4
2018-03-29 01:00:00,9,68,3
2018-03-29 01:00:00,10,110,4
2018-03-29 02:00:00,12,54,3
2018-03-29 02:00:00,1,38,4
2018-03-29 16:00:00,11,48,3
2018-03-29 16:00:00,10,134,4
2018-03-29 17:00:00,16,254,3
2018-03-29 17:00:00,28,2266,4
2018-03-29 18:00:00,6,50,3
2018-03-29 18:00:00,32,150,4
2018-03-29 19:00:00,18,496,3
2018-03-29 19:00:00,38,390,4
2018-03-29 20:00:00,10,142,3
2018-03-29 20:00:00,19,144,4
2018-03-29 21:00:00,17,176,3
2018-03-29 21:00:00,25,362,4
2018-03-29 22:00:00,13,1482,3
2018-03-29 22:00:00,35,1634,4
2018-03-29 23:00:00,14,168,3
2018-03-29 23:00:00,24,482,4
2018-03-30 00:00:00,31,152,3
2018-03-30 00:00:00,18,198,4
2018-03-30 01:00:00,22,348,3
2018-03-30 01:00:00,24,242,4
2018-03-30 02:00:00,14,182,3
2018-03-30 02:00:00,21,160,4
2018-03-30 03:00:00,14,1740,3
2018-03-30 03:00:00,17,128,4
2018-03-30 04:00:00,18,440,3
2018-03-30 04:00:00,16,212,4
2018-03-30 05:00:00,21,382,3
2018-03-30 05:00:00,15,114,4
2018-03-30 06:00:00,26,514,3
2018-03-30 06:00:00,5,74,4
2018-03-30 07:00:00,12,400,3
2018-03-30 07:00:00,10,182,4
2018-03-30 08:00:00,19,224,3
2018-03-30 08:00:00,20,254,4
2018-03-30 09:00:00,20,358,3
2018-03-30 09:00:00,20,152,4
2018-03-30 10:00:00,23,308,3
2018-03-30 10:00:00,29,282,4
2018-03-30 11:00:00,24,382,3
2018-03-30 11:00:00,10,142,4
2018-03-30 12:00:00,23,190,3
2018-03-30 12:00:00,11,248,4
2018-03-30 13:00:00,13,128,3
2018-03-30 13:00:00,8,94,4
2018-03-30 14:00:00,14,5200,3
2018-03-30 14:00:00,5,4692,4
2018-03-30 16:00:00,7,68,3
2018-03-30 16:00:00,13,90,4
2018-03-30 17:00:00,13,144,3
2018-03-30 17:00:00,10,120,4
2018-03-30 18:00:00,15,2634,3
2018-03-30 18:00:00,35,530,4
2018-03-30 19:00:00,14,192,3
2018-03-30 19:00:00,20,436,4
2018-03-30 20:00:00,30,886,3
2018-03-30 20:00:00,28,460,4
2018-03-30 21:00:00,11,172,3
2018-03-30 21:00:00,13,102,4
2018-03-30 22:00:00,25,214,3
2018-03-30 22:00:00,24,392,4
2018-03-30 23:00:00,20,70,3
2018-03-30 23:00:00,27,216,4
2018-03-31 00:00:00,15,102,3
2018-03-31 00:00:00,15,162,4
2018-03-31 01:00:00,18,1250,3
2018-03-31 01:00:00,22,3022,4
2018-03-31 02:00:00,14,74,3
2018-03-31 02:00:00,31,476,4
2018-03-31 03:00:00,21,150,3
2018-03-31 03:00:00,43,1008,4
2018-03-31 04:00:00,48,300,3
2018-03-31 04:00:00,19,1504,4
2018-03-31 05:00:00,15,248,3
2018-03-31 05:00:00,12,150,4
2018-03-31 06:00:00,21,452,3
2018-03-31 06:00:00,14,150,4
2018-03-31 07:00:00,12,146,3
2018-03-31 07:00:00,11,86,4
2018-03-31 08:00:00,10,122,3
2018-03-31 09:00:00,19,202,3
2018-03-31 09:00:00,14,110,4
2018-03-31 10:00:00,14,272,3
2018-03-31 10:00:00,11,126,4
2018-03-31 11:00:00,15,144,3
2018-03-31 11:00:00,7,84,4
2018-03-31 12:00:00,11,150,3
2018-03-31 12:00:00,19,240,4
2018-03-31 13:00:00,24,164,3
2018-03-31 13:00:00,17,110,4
2018-03-31 14:00:00,8,110,3
2018-03-31 14:00:00,8,134,4
2018-03-31 15:00:00,17,192,3
2018-03-31 15:00:00,14,224,4
2018-03-31 16:00:00,6,114,3
2018-03-31 16:00:00,15,504,4
2018-03-31 17:00:00,10,124,3
2018-03-31 17:00:00,16,222,4
2018-03-31 18:00:00,25,224,3
2018-03-31 18:00:00,17,296,4
2018-03-31 19:00:00,15,184,3
2018-03-31 19:00:00,6,92,4
2018-03-31 20:00:00,7,80,3
2018-03-31 20:00:00,16,212,4
2018-03-31 21:00:00,13,134,3
2018-03-31 21:00:00,12,94,4
2018-03-31 22:00:00,12,102,3
2018-03-31 22:00:00,8,4134,4
2018-03-31 23:00:00,25,300,3
2018-03-31 23:00:00,7,2588,4
